id,messages_sender,messages,message_receiver,messages_time,stories,stories_time
1,860,Decentralized global knowledge user,129,2021-03-17 06:41:05,definition,
2,970,Open-source multimedia knowledge base,900,2021-03-17 22:09:18,Balanced,2021-03-17 21:10:43
3,663,Synergized zero administration analyzer,38,2021-03-17 03:29:16,Business-focused,2021-03-17 12:45:53
4,200,Re-engineered web-enabled success,496,2021-03-17 08:46:58,Robust,2021-03-17 18:35:13
5,679,Front-line homogeneous focus group,864,2021-03-17 20:29:47,benchmark,2021-03-17 01:56:42
6,196,Versatile clear-thinking challenge,767,2021-03-17 17:20:57,tertiary,2021-03-17 08:23:07
7,881,Optimized executive product,203,2021-03-17 14:28:13,Grass-roots,2021-03-17 05:06:48
8,596,Public-key static success,414,2021-03-17 02:52:42,database,
9,68,Open-source hybrid emulation,599,2021-03-17 15:10:43,clear-thinking,2021-03-17 13:09:18
10,41,Multi-lateral clear-thinking challenge,926,2021-03-17 18:44:02,empowering,2021-03-17 18:08:13
11,139,Grass-roots methodical local area network,285,2021-03-17 21:49:39,hardware,2021-03-17 06:42:37
12,161,Object-based reciprocal paradigm,326,2021-03-17 22:00:41,Networked,
13,935,Future-proofed mission-critical product,783,2021-03-17 02:53:06,productivity,2021-03-17 22:23:05
14,877,Expanded mission-critical instruction set,112,2021-03-17 11:59:27,3rd generation,2021-03-17 05:11:46
15,710,Optimized dynamic hardware,755,2021-03-17 05:23:53,Open-source,2021-03-17 11:16:45
16,451,Reduced background software,584,2021-03-17 11:00:29,Persistent,
17,236,Mandatory foreground concept,381,2021-03-17 09:09:11,incremental,2021-03-17 14:45:58
18,466,Configurable discrete adapter,132,2021-03-17 14:28:05,Advanced,
19,152,Progressive bandwidth-monitored matrix,495,2021-03-17 05:05:16,homogeneous,2021-03-17 13:13:50
20,911,Automated fault-tolerant attitude,497,2021-03-17 08:00:50,radical,2021-03-17 22:27:03
21,170,Devolved foreground time-frame,196,2021-03-17 16:07:05,high-level,2021-03-17 23:15:46
22,226,Automated secondary model,585,2021-03-17 19:46:09,reciprocal,2021-03-17 09:05:12
23,795,Fundamental fault-tolerant moratorium,899,2021-03-17 18:08:36,Right-sized,2021-03-17 13:56:21
24,938,Stand-alone modular superstructure,336,2021-03-17 17:12:29,Versatile,2021-03-17 09:21:08
25,917,Progressive fresh-thinking intranet,914,2021-03-17 01:55:18,composite,2021-03-17 15:56:36
26,149,Customizable intermediate task-force,947,2021-03-17 13:08:55,multimedia,2021-03-17 14:18:10
27,206,Organized human-resource local area network,321,2021-03-17 20:50:32,4th generation,2021-03-17 03:35:06
28,732,Grass-roots tertiary support,217,2021-03-17 13:31:22,focus group,2021-03-17 23:37:14
29,472,Customer-focused disintermediate adapter,127,2021-03-17 20:39:06,functionalities,2021-03-17 13:04:58
30,978,Versatile 24/7 contingency,757,2021-03-17 11:16:02,firmware,2021-03-17 07:10:08
31,856,Vision-oriented holistic forecast,529,2021-03-17 05:07:17,matrix,2021-03-17 01:13:40
32,712,Synchronised stable neural-net,851,2021-03-17 17:56:53,collaboration,2021-03-17 04:49:38
33,634,Front-line even-keeled moderator,672,2021-03-17 04:58:08,multi-state,2021-03-17 16:50:54
34,305,Cross-group regional model,979,2021-03-17 02:12:21,Open-source,2021-03-17 22:06:59
35,719,Persistent user-facing extranet,48,2021-03-17 08:51:22,mission-critical,2021-03-17 10:04:32
36,259,Vision-oriented context-sensitive workforce,838,2021-03-17 00:42:28,De-engineered,2021-03-17 01:21:24
37,769,Intuitive attitude-oriented algorithm,483,2021-03-17 21:41:21,project,2021-03-17 02:05:54
38,603,Mandatory modular service-desk,767,2021-03-17 14:43:00,intermediate,2021-03-17 18:19:33
39,278,User-friendly homogeneous approach,106,2021-03-17 18:56:11,Pre-emptive,2021-03-17 01:12:53
40,967,Enterprise-wide solution-oriented local area network,346,2021-03-17 13:32:36,Reduced,2021-03-17 14:36:27
41,493,Reverse-engineered attitude-oriented functionalities,865,2021-03-17 07:26:16,eco-centric,2021-03-17 05:03:20
42,989,Compatible fault-tolerant product,943,2021-03-17 23:31:57,analyzing,2021-03-17 08:31:55
43,409,Re-engineered bifurcated open system,239,2021-03-17 08:42:00,Multi-lateral,2021-03-17 06:18:52
44,621,Ameliorated high-level implementation,18,2021-03-17 09:04:12,Object-based,2021-03-17 10:34:54
45,861,Assimilated systematic benchmark,638,2021-03-17 12:17:37,flexibility,2021-03-17 14:48:05
46,419,Quality-focused human-resource success,193,2021-03-17 15:35:42,bifurcated,2021-03-17 07:27:38
47,833,Re-engineered clear-thinking strategy,715,2021-03-17 16:59:16,Compatible,2021-03-17 13:20:25
48,192,Ameliorated 4th generation synergy,678,2021-03-17 02:10:01,Horizontal,2021-03-17 06:44:12
49,156,Customer-focused clear-thinking support,712,2021-03-17 13:14:32,utilisation,2021-03-17 12:55:58
50,596,Networked human-resource pricing structure,404,2021-03-17 02:27:10,archive,2021-03-17 00:17:57
51,2,Open-architected systematic parallelism,617,2021-03-17 06:55:09,Enhanced,2021-03-17 10:39:12
52,604,Mandatory clear-thinking emulation,781,2021-03-17 23:22:58,Graphic Interface,2021-03-17 15:45:50
53,198,Decentralized local neural-net,990,2021-03-17 17:07:55,matrices,2021-03-17 20:19:24
54,776,Profit-focused contextually-based frame,610,2021-03-17 21:05:36,analyzing,2021-03-17 18:47:05
55,661,Inverse dedicated system engine,265,2021-03-17 18:13:24,Self-enabling,2021-03-17 04:44:29
56,432,Reverse-engineered zero administration analyzer,421,2021-03-17 10:05:13,project,2021-03-17 01:00:39
57,937,Re-engineered leading edge emulation,109,2021-03-17 05:53:52,initiative,2021-03-17 16:32:12
58,821,Integrated uniform local area network,557,2021-03-17 07:54:48,algorithm,
59,612,Integrated didactic support,631,2021-03-17 22:55:09,bifurcated,2021-03-17 07:50:10
60,532,Synergistic high-level function,839,2021-03-17 11:13:22,client-driven,2021-03-17 01:29:02
61,27,Compatible demand-driven customer loyalty,484,2021-03-17 17:41:49,optimal,2021-03-17 05:52:59
62,404,Customer-focused 5th generation system engine,609,2021-03-17 09:06:11,optimizing,2021-03-17 13:55:23
63,932,Face to face dedicated encoding,884,2021-03-17 02:43:48,incremental,2021-03-17 14:20:39
64,342,Networked multi-tasking architecture,972,2021-03-17 08:49:06,service-desk,2021-03-17 00:19:46
65,516,Enhanced composite leverage,289,2021-03-17 10:27:12,info-mediaries,2021-03-17 11:17:30
66,491,Exclusive transitional benchmark,495,2021-03-17 10:10:42,Distributed,2021-03-17 18:31:05
67,500,De-engineered cohesive instruction set,480,2021-03-17 04:10:27,Configurable,2021-03-17 19:01:33
68,678,Public-key attitude-oriented secured line,617,2021-03-17 04:14:01,attitude-oriented,2021-03-17 11:26:33
69,963,Persevering solution-oriented knowledge base,58,2021-03-17 08:20:59,asynchronous,2021-03-17 18:47:17
70,873,Public-key uniform algorithm,322,2021-03-17 22:57:36,multimedia,2021-03-17 11:18:33
71,569,Robust fault-tolerant software,702,2021-03-17 11:05:53,Reactive,
72,837,Programmable hybrid protocol,329,2021-03-17 05:35:01,Reactive,2021-03-17 17:37:17
73,879,Streamlined multi-state complexity,870,2021-03-17 08:54:15,logistical,2021-03-17 06:42:05
74,958,Organized demand-driven complexity,650,2021-03-17 09:51:20,orchestration,
75,390,Ergonomic cohesive moderator,41,2021-03-17 23:49:28,Team-oriented,2021-03-17 18:22:57
76,460,Multi-channelled explicit solution,810,2021-03-17 11:54:57,middleware,2021-03-17 16:11:35
77,712,Public-key asymmetric success,941,2021-03-17 00:16:29,moratorium,2021-03-17 10:37:48
78,610,Organic transitional access,818,2021-03-17 01:04:03,solution,2021-03-17 04:30:55
79,736,Team-oriented user-facing challenge,762,2021-03-17 19:32:23,Pre-emptive,2021-03-17 04:43:36
80,3,Synergistic 24/7 definition,592,2021-03-17 18:44:03,Ameliorated,2021-03-17 05:59:10
81,833,Organized human-resource task-force,653,2021-03-17 06:11:18,explicit,2021-03-17 07:56:14
82,90,Triple-buffered reciprocal attitude,849,2021-03-17 20:21:04,Operative,2021-03-17 06:55:03
83,979,Distributed directional open architecture,273,2021-03-17 15:36:26,value-added,2021-03-17 15:01:25
84,737,Self-enabling content-based alliance,546,2021-03-17 07:18:34,Synergistic,2021-03-17 03:21:47
85,394,Compatible client-driven projection,170,2021-03-17 12:42:28,web-enabled,2021-03-17 20:26:55
86,671,Automated coherent Graphic Interface,106,2021-03-17 10:45:29,Integrated,2021-03-17 01:59:00
87,158,Customizable bottom-line collaboration,161,2021-03-17 02:55:13,secured line,2021-03-17 01:27:53
88,112,Ameliorated bandwidth-monitored system engine,556,2021-03-17 07:13:18,Switchable,2021-03-17 07:13:53
89,290,Face to face zero administration concept,769,2021-03-17 10:57:28,matrices,2021-03-17 02:03:49
90,769,Persevering dedicated concept,383,2021-03-17 10:18:56,conglomeration,2021-03-17 12:31:50
91,915,Ameliorated scalable knowledge user,488,2021-03-17 18:14:27,attitude,2021-03-17 17:14:09
92,178,Virtual attitude-oriented extranet,111,2021-03-17 00:03:31,access,2021-03-17 00:20:44
93,309,Streamlined eco-centric open architecture,869,2021-03-17 10:34:45,Graphic Interface,2021-03-17 18:52:50
94,536,Optional 6th generation installation,671,2021-03-17 21:11:20,structure,2021-03-17 04:06:01
95,957,De-engineered scalable solution,924,2021-03-17 21:20:06,architecture,2021-03-17 20:26:59
96,606,Synergized even-keeled data-warehouse,764,2021-03-17 04:20:21,Devolved,2021-03-17 07:03:18
97,402,User-friendly holistic application,741,2021-03-17 22:58:34,Optional,2021-03-17 19:40:55
98,893,Triple-buffered 3rd generation help-desk,127,2021-03-17 13:58:06,24/7,2021-03-17 04:41:01
99,710,Polarised empowering process improvement,950,2021-03-17 17:53:02,Distributed,2021-03-17 14:19:38
100,22,Enhanced heuristic collaboration,537,2021-03-17 01:51:45,User-centric,2021-03-17 06:07:44
101,712,Digitized transitional projection,167,2021-03-17 22:16:34,Quality-focused,2021-03-17 08:59:57
102,964,Profit-focused static budgetary management,490,2021-03-17 08:36:13,forecast,2021-03-17 01:47:27
103,276,Innovative next generation utilisation,946,2021-03-17 08:35:14,asynchronous,2021-03-17 10:01:46
104,516,Team-oriented national alliance,96,2021-03-17 04:25:08,frame,
105,954,Streamlined reciprocal task-force,270,2021-03-17 02:23:10,background,2021-03-17 04:04:40
106,789,Down-sized system-worthy circuit,844,2021-03-17 03:06:49,utilisation,2021-03-17 06:04:28
107,962,Secured full-range data-warehouse,842,2021-03-17 21:45:20,strategy,2021-03-17 20:05:59
108,46,Organized mission-critical model,874,2021-03-17 12:41:35,Devolved,2021-03-17 04:11:21
109,363,Robust zero defect data-warehouse,578,2021-03-17 17:43:36,solution-oriented,
110,596,Configurable zero administration help-desk,202,2021-03-17 00:13:54,toolset,2021-03-17 02:27:57
111,954,Expanded hybrid collaboration,689,2021-03-17 19:54:58,migration,2021-03-17 02:00:27
112,900,Integrated hybrid ability,55,2021-03-17 15:21:26,real-time,
113,367,Seamless incremental customer loyalty,66,2021-03-17 01:07:40,open system,2021-03-17 14:08:27
114,699,Organic 5th generation implementation,136,2021-03-17 07:48:19,clear-thinking,2021-03-17 17:50:17
115,954,Balanced background algorithm,737,2021-03-17 13:35:36,alliance,2021-03-17 11:09:16
116,892,Integrated reciprocal website,632,2021-03-17 14:07:35,open architecture,2021-03-17 05:58:30
117,962,Devolved full-range data-warehouse,699,2021-03-17 21:46:11,methodology,
118,634,Devolved actuating groupware,67,2021-03-17 21:37:14,Synchronised,2021-03-17 06:42:35
119,359,Cloned solution-oriented internet solution,305,2021-03-17 09:16:54,Reverse-engineered,
120,267,Down-sized client-driven application,864,2021-03-17 07:48:12,fresh-thinking,2021-03-17 10:06:32
121,610,Reduced directional data-warehouse,465,2021-03-17 19:31:42,alliance,2021-03-17 19:42:04
122,766,Persevering cohesive encoding,947,2021-03-17 18:58:59,empowering,2021-03-17 23:42:31
123,177,Public-key maximized system engine,469,2021-03-17 18:09:25,array,2021-03-17 20:06:19
124,246,Organic zero tolerance forecast,844,2021-03-17 02:32:29,neutral,2021-03-17 08:30:13
125,924,Realigned multi-tasking structure,820,2021-03-17 13:30:38,User-centric,2021-03-17 17:50:14
126,354,Cross-group even-keeled moderator,133,2021-03-17 22:42:37,Implemented,2021-03-17 16:08:50
127,820,Multi-lateral discrete challenge,593,2021-03-17 21:25:58,Synergistic,2021-03-17 18:56:44
128,102,Implemented bifurcated internet solution,157,2021-03-17 22:53:14,solution-oriented,2021-03-17 23:14:31
129,877,Multi-channelled bifurcated conglomeration,181,2021-03-17 06:30:29,secondary,2021-03-17 12:30:51
130,450,Open-architected upward-trending functionalities,450,2021-03-17 21:07:47,Programmable,
131,406,Focused composite benchmark,607,2021-03-17 21:20:48,Enhanced,2021-03-17 05:55:19
132,528,Exclusive disintermediate benchmark,987,2021-03-17 23:40:59,Persistent,2021-03-17 08:39:16
133,480,Switchable actuating protocol,909,2021-03-17 11:35:21,product,2021-03-17 14:25:34
134,399,Universal mission-critical adapter,921,2021-03-17 18:17:59,algorithm,2021-03-17 22:03:11
135,685,Right-sized well-modulated installation,102,2021-03-17 23:27:32,parallelism,2021-03-17 22:11:59
136,869,Diverse bandwidth-monitored complexity,692,2021-03-17 16:32:26,Focused,2021-03-17 05:57:57
137,8,Focused real-time orchestration,566,2021-03-17 19:03:50,responsive,2021-03-17 20:13:32
138,753,Open-source actuating product,905,2021-03-17 19:30:29,Upgradable,
139,981,Inverse exuding instruction set,110,2021-03-17 16:09:59,instruction set,2021-03-17 02:37:32
140,758,Streamlined radical productivity,845,2021-03-17 08:03:23,Team-oriented,2021-03-17 17:18:22
141,2,Triple-buffered empowering customer loyalty,845,2021-03-17 01:24:00,Cloned,2021-03-17 07:52:37
142,316,Centralized didactic encryption,358,2021-03-17 11:59:32,interactive,2021-03-17 01:26:13
143,209,Devolved needs-based framework,957,2021-03-17 18:14:05,info-mediaries,2021-03-17 13:47:14
144,290,Phased mobile function,380,2021-03-17 16:51:05,Up-sized,2021-03-17 05:22:00
145,857,Implemented multi-tasking process improvement,834,2021-03-17 08:36:39,methodology,2021-03-17 14:40:37
146,1,Programmable zero tolerance concept,496,2021-03-17 04:13:29,migration,2021-03-17 12:19:40
147,152,Robust web-enabled secured line,40,2021-03-17 10:04:51,Cross-group,2021-03-17 19:50:52
148,609,Future-proofed 4th generation throughput,296,2021-03-17 19:50:47,Grass-roots,2021-03-17 19:50:28
149,204,Down-sized cohesive hub,721,2021-03-17 07:46:12,fresh-thinking,
150,897,Persevering hybrid firmware,603,2021-03-17 12:11:18,protocol,2021-03-17 04:09:17
151,242,Re-contextualized bi-directional implementation,810,2021-03-17 11:22:20,encompassing,
152,678,Realigned user-facing success,554,2021-03-17 05:06:31,website,2021-03-17 13:55:12
153,30,Implemented needs-based emulation,393,2021-03-17 08:58:28,disintermediate,2021-03-17 20:54:14
154,308,Centralized bandwidth-monitored benchmark,925,2021-03-17 03:25:42,Digitized,2021-03-17 13:54:37
155,477,Intuitive transitional website,685,2021-03-17 13:22:22,Virtual,
156,118,Ergonomic client-driven throughput,740,2021-03-17 18:41:27,capacity,2021-03-17 06:29:55
157,860,Total static functionalities,413,2021-03-17 14:00:48,asymmetric,2021-03-17 12:29:51
158,433,Progressive analyzing installation,930,2021-03-17 05:40:48,Proactive,2021-03-17 11:50:27
159,879,Face to face tangible open architecture,184,2021-03-17 15:26:48,Diverse,2021-03-17 22:03:36
160,696,Front-line next generation portal,483,2021-03-17 07:16:21,background,2021-03-17 07:55:50
161,304,Seamless responsive database,102,2021-03-17 20:55:22,parallelism,2021-03-17 02:24:28
162,920,Mandatory bi-directional archive,856,2021-03-17 16:20:22,5th generation,2021-03-17 23:50:13
163,159,Managed object-oriented monitoring,742,2021-03-17 19:25:46,portal,2021-03-17 19:13:25
164,600,Upgradable bifurcated benchmark,513,2021-03-17 22:29:02,Customer-focused,2021-03-17 07:04:19
165,585,Open-source empowering encoding,280,2021-03-17 15:29:07,Synergistic,2021-03-17 19:43:37
166,90,Stand-alone local methodology,125,2021-03-17 02:06:35,bottom-line,2021-03-17 22:03:47
167,961,Profit-focused cohesive structure,243,2021-03-17 03:07:23,Total,2021-03-17 01:13:01
168,252,Customizable system-worthy knowledge user,185,2021-03-17 15:41:43,Fundamental,2021-03-17 20:38:34
169,30,Fully-configurable dynamic alliance,6,2021-03-17 20:25:11,functionalities,2021-03-17 01:39:57
170,585,Advanced next generation collaboration,201,2021-03-17 12:17:21,migration,2021-03-17 21:44:37
171,804,Reduced mission-critical software,916,2021-03-17 19:18:55,24/7,
172,98,Distributed local migration,855,2021-03-17 05:26:34,Synergized,2021-03-17 15:48:53
173,458,Customizable attitude-oriented artificial intelligence,869,2021-03-17 13:59:22,task-force,2021-03-17 18:48:24
174,937,Cross-platform human-resource knowledge user,475,2021-03-17 14:55:17,Multi-lateral,
175,405,Reduced systemic access,321,2021-03-17 22:34:59,non-volatile,2021-03-17 05:22:05
176,615,Open-source national middleware,893,2021-03-17 03:17:40,process improvement,2021-03-17 00:15:10
177,164,Inverse intermediate help-desk,169,2021-03-17 07:28:05,Business-focused,2021-03-17 11:11:25
178,764,Implemented bifurcated hierarchy,590,2021-03-17 11:41:35,Integrated,2021-03-17 20:25:02
179,650,Upgradable responsive implementation,811,2021-03-17 11:03:11,product,2021-03-17 20:26:54
180,924,Object-based leading edge artificial intelligence,735,2021-03-17 20:32:47,uniform,2021-03-17 15:12:11
181,482,Reduced discrete success,596,2021-03-17 02:02:12,Stand-alone,2021-03-17 19:03:36
182,941,Total multi-state standardization,490,2021-03-17 22:45:38,Future-proofed,2021-03-17 02:27:58
183,316,Streamlined user-facing productivity,387,2021-03-17 22:21:11,client-driven,2021-03-17 11:19:27
184,269,Public-key multi-tasking concept,454,2021-03-17 14:22:05,Cross-platform,2021-03-17 02:07:17
185,976,Organized transitional Graphic Interface,775,2021-03-17 12:35:42,Virtual,2021-03-17 03:48:51
186,114,Automated needs-based process improvement,375,2021-03-17 12:11:19,Secured,2021-03-17 19:37:36
187,783,Integrated homogeneous capacity,492,2021-03-17 21:08:05,coherent,2021-03-17 13:50:34
188,527,Devolved hybrid application,305,2021-03-17 14:05:57,holistic,2021-03-17 02:40:29
189,454,Stand-alone optimal protocol,430,2021-03-17 06:48:54,middleware,2021-03-17 04:27:20
190,706,Managed neutral forecast,338,2021-03-17 15:07:05,info-mediaries,2021-03-17 17:19:32
191,539,Centralized real-time productivity,632,2021-03-17 19:23:27,Multi-layered,
192,923,Self-enabling global strategy,66,2021-03-17 09:00:28,moderator,2021-03-17 07:15:27
193,420,Future-proofed intangible matrix,129,2021-03-17 08:13:05,Operative,2021-03-17 05:04:26
194,290,Ameliorated 3rd generation collaboration,151,2021-03-17 06:38:40,Graphic Interface,2021-03-17 15:24:04
195,692,Decentralized actuating moratorium,314,2021-03-17 14:52:29,Team-oriented,2021-03-17 06:45:54
196,616,Robust transitional moderator,523,2021-03-17 03:38:31,website,2021-03-17 14:24:57
197,782,Programmable dynamic alliance,903,2021-03-17 10:29:19,support,2021-03-17 06:46:55
198,20,Enhanced incremental website,742,2021-03-17 19:11:29,Persistent,2021-03-17 04:12:11
199,848,Horizontal static budgetary management,813,2021-03-17 15:47:36,Expanded,2021-03-17 17:37:12
200,242,Diverse client-driven contingency,73,2021-03-17 15:35:21,Optional,2021-03-17 12:16:59
201,205,Down-sized user-facing encoding,524,2021-03-17 03:54:30,hybrid,2021-03-17 04:01:16
202,359,Multi-tiered asymmetric data-warehouse,111,2021-03-17 23:02:41,internet solution,
203,1000,Expanded systemic task-force,950,2021-03-17 06:39:16,Optimized,2021-03-17 02:15:53
204,410,Persevering multimedia open architecture,955,2021-03-17 11:01:54,Future-proofed,2021-03-17 21:35:13
205,989,Enhanced optimal archive,125,2021-03-17 18:37:10,definition,2021-03-17 16:57:15
206,340,Triple-buffered contextually-based frame,631,2021-03-17 13:31:56,synergy,
207,564,Object-based mobile artificial intelligence,548,2021-03-17 00:00:42,forecast,2021-03-17 15:41:25
208,324,Focused 24/7 local area network,157,2021-03-17 17:22:00,core,2021-03-17 08:03:05
209,640,Monitored actuating conglomeration,634,2021-03-17 19:56:14,24 hour,2021-03-17 22:04:27
210,369,Exclusive zero defect budgetary management,66,2021-03-17 02:14:28,capability,2021-03-17 08:42:41
211,473,Right-sized tertiary neural-net,39,2021-03-17 01:33:40,Graphical User Interface,2021-03-17 06:40:15
212,574,Inverse next generation core,227,2021-03-17 16:30:34,intangible,2021-03-17 03:43:04
213,50,Synergized asynchronous analyzer,621,2021-03-17 08:45:03,success,2021-03-17 08:02:05
214,84,Profit-focused system-worthy Graphical User Interface,119,2021-03-17 20:59:45,Ergonomic,2021-03-17 20:47:31
215,915,Proactive demand-driven secured line,506,2021-03-17 11:48:13,function,2021-03-17 07:30:15
216,280,Expanded high-level forecast,463,2021-03-17 08:57:53,Seamless,2021-03-17 23:44:53
217,182,Intuitive demand-driven software,308,2021-03-17 20:39:03,Devolved,2021-03-17 12:40:31
218,563,Public-key foreground paradigm,235,2021-03-17 09:32:31,De-engineered,2021-03-17 16:02:54
219,897,Ergonomic attitude-oriented emulation,213,2021-03-17 21:58:21,Multi-layered,2021-03-17 14:53:19
220,135,Enhanced mobile throughput,74,2021-03-17 21:39:46,matrix,
221,382,Reduced mission-critical framework,284,2021-03-17 22:49:25,ability,2021-03-17 14:19:00
222,851,Distributed heuristic system engine,279,2021-03-17 09:03:36,Polarised,2021-03-17 12:21:50
223,939,Self-enabling methodical system engine,140,2021-03-17 04:04:15,Stand-alone,2021-03-17 15:20:32
224,614,Polarised national analyzer,547,2021-03-17 01:33:25,Robust,2021-03-17 18:04:01
225,126,Compatible hybrid secured line,7,2021-03-17 19:19:28,internet solution,2021-03-17 11:34:42
226,983,Fundamental client-driven complexity,27,2021-03-17 09:15:52,Profit-focused,2021-03-17 23:02:57
227,90,Fundamental 24/7 neural-net,499,2021-03-17 16:25:40,Sharable,2021-03-17 00:47:05
228,597,Integrated didactic attitude,685,2021-03-17 04:21:10,Enhanced,2021-03-17 18:11:36
229,13,Multi-channelled regional framework,380,2021-03-17 20:38:24,application,2021-03-17 23:32:52
230,221,Polarised hybrid budgetary management,340,2021-03-17 00:00:28,Object-based,2021-03-17 18:11:03
231,251,Devolved radical benchmark,852,2021-03-17 16:05:52,bottom-line,2021-03-17 05:06:31
232,981,Fully-configurable system-worthy customer loyalty,317,2021-03-17 11:46:54,open architecture,
233,512,Future-proofed composite moratorium,209,2021-03-17 10:59:56,object-oriented,2021-03-17 05:50:36
234,203,Robust 4th generation encoding,435,2021-03-17 18:42:08,Graphic Interface,2021-03-17 13:36:38
235,138,Balanced directional initiative,392,2021-03-17 22:56:06,Enterprise-wide,
236,956,Fully-configurable local time-frame,897,2021-03-17 04:02:16,productivity,2021-03-17 03:34:35
237,764,Progressive foreground matrix,450,2021-03-17 21:33:45,paradigm,2021-03-17 17:42:20
238,193,Business-focused next generation extranet,53,2021-03-17 00:22:34,internet solution,2021-03-17 11:34:04
239,93,Distributed discrete projection,493,2021-03-17 22:34:26,customer loyalty,
240,320,Compatible intermediate protocol,535,2021-03-17 01:19:39,reciprocal,
241,980,Organic optimal projection,580,2021-03-17 19:22:56,Graphic Interface,2021-03-17 23:17:38
242,697,Reverse-engineered demand-driven strategy,887,2021-03-17 06:26:13,background,2021-03-17 15:11:13
243,529,Enterprise-wide clear-thinking algorithm,77,2021-03-17 06:23:23,middleware,2021-03-17 20:17:14
244,872,Front-line system-worthy moratorium,747,2021-03-17 14:46:08,workforce,
245,840,Sharable empowering firmware,737,2021-03-17 07:40:37,infrastructure,2021-03-17 17:51:57
246,965,Cloned grid-enabled protocol,835,2021-03-17 12:23:08,archive,2021-03-17 20:47:25
247,853,Reverse-engineered holistic protocol,339,2021-03-17 15:45:43,productivity,
248,495,Multi-channelled 3rd generation orchestration,587,2021-03-17 22:12:43,Cross-platform,2021-03-17 23:05:47
249,12,Reduced high-level moratorium,907,2021-03-17 18:45:08,web-enabled,2021-03-17 00:57:17
250,367,Multi-channelled content-based attitude,789,2021-03-17 12:12:48,Integrated,2021-03-17 22:28:01
251,379,Customizable holistic infrastructure,691,2021-03-17 14:38:52,responsive,2021-03-17 11:38:45
252,207,Streamlined bi-directional neural-net,944,2021-03-17 17:35:28,challenge,2021-03-17 11:01:13
253,820,Multi-tiered systematic process improvement,863,2021-03-17 17:47:32,Universal,2021-03-17 16:54:30
254,642,Face to face systematic infrastructure,739,2021-03-17 00:32:28,service-desk,
255,618,Persevering methodical analyzer,30,2021-03-17 14:08:07,dedicated,2021-03-17 01:30:46
256,704,Seamless system-worthy implementation,400,2021-03-17 06:14:15,6th generation,2021-03-17 07:20:40
257,683,Inverse tertiary utilisation,869,2021-03-17 02:27:13,hardware,2021-03-17 23:24:34
258,741,Persevering analyzing website,239,2021-03-17 03:23:14,alliance,2021-03-17 09:58:42
259,21,User-centric local portal,731,2021-03-17 00:34:53,Streamlined,2021-03-17 16:38:45
260,139,Persistent optimal projection,124,2021-03-17 19:47:02,internet solution,2021-03-17 23:50:59
261,671,Reactive actuating alliance,8,2021-03-17 03:24:42,Distributed,2021-03-17 01:41:46
262,230,Secured dynamic leverage,576,2021-03-17 09:28:29,scalable,2021-03-17 05:13:43
263,292,Visionary modular matrix,88,2021-03-17 05:28:21,algorithm,2021-03-17 00:46:51
264,809,Intuitive needs-based hardware,327,2021-03-17 20:08:16,alliance,2021-03-17 20:15:12
265,392,Vision-oriented 4th generation portal,89,2021-03-17 05:38:05,real-time,2021-03-17 07:20:35
266,352,Integrated homogeneous internet solution,599,2021-03-17 19:38:27,solution,2021-03-17 05:00:52
267,407,Devolved multi-tasking utilisation,59,2021-03-17 04:20:01,explicit,2021-03-17 11:49:32
268,690,Digitized context-sensitive attitude,85,2021-03-17 14:22:50,Open-architected,2021-03-17 11:25:52
269,463,Diverse background utilisation,732,2021-03-17 16:08:58,leverage,2021-03-17 00:26:33
270,162,Upgradable clear-thinking complexity,147,2021-03-17 00:06:37,global,2021-03-17 09:58:21
271,942,Optional heuristic migration,42,2021-03-17 05:22:15,Seamless,2021-03-17 05:01:58
272,231,Up-sized client-driven secured line,626,2021-03-17 04:29:07,system-worthy,
273,697,Customizable static local area network,399,2021-03-17 22:52:51,archive,2021-03-17 14:30:58
274,215,Sharable mission-critical moratorium,787,2021-03-17 06:51:05,local,2021-03-17 11:59:55
275,119,Exclusive multimedia customer loyalty,492,2021-03-17 08:39:46,Reverse-engineered,2021-03-17 01:53:26
276,456,Cloned human-resource conglomeration,565,2021-03-17 05:03:24,Switchable,2021-03-17 14:35:20
277,652,Centralized intermediate migration,590,2021-03-17 02:21:18,portal,2021-03-17 13:34:22
278,851,Optimized dynamic extranet,955,2021-03-17 13:46:22,responsive,
279,455,Extended impactful synergy,836,2021-03-17 15:42:53,bottom-line,2021-03-17 18:11:23
280,283,Inverse actuating core,676,2021-03-17 22:57:25,upward-trending,2021-03-17 22:38:18
281,465,Diverse cohesive forecast,593,2021-03-17 12:52:28,Seamless,2021-03-17 06:24:14
282,106,Operative human-resource emulation,166,2021-03-17 16:03:06,software,2021-03-17 10:40:55
283,509,Reverse-engineered dynamic capacity,831,2021-03-17 07:14:29,responsive,2021-03-17 16:34:33
284,193,Fully-configurable client-server superstructure,204,2021-03-17 01:30:27,frame,2021-03-17 17:03:09
285,915,Streamlined fault-tolerant Graphic Interface,619,2021-03-17 21:44:16,approach,2021-03-17 12:25:22
286,425,Total content-based pricing structure,158,2021-03-17 22:31:57,budgetary management,2021-03-17 11:01:13
287,873,Diverse hybrid interface,485,2021-03-17 16:32:44,groupware,2021-03-17 23:13:20
288,33,Optional homogeneous attitude,71,2021-03-17 18:51:47,initiative,2021-03-17 05:59:49
289,807,Synchronised bi-directional attitude,348,2021-03-17 23:25:15,service-desk,2021-03-17 10:34:52
290,677,Configurable systematic synergy,861,2021-03-17 08:59:18,Public-key,2021-03-17 11:39:19
291,175,Assimilated web-enabled intranet,88,2021-03-17 16:11:51,high-level,2021-03-17 22:40:40
292,364,Seamless neutral extranet,193,2021-03-17 19:51:35,Virtual,2021-03-17 23:57:25
293,706,Focused clear-thinking methodology,934,2021-03-17 14:57:53,concept,
294,924,Future-proofed systemic budgetary management,193,2021-03-17 12:50:10,system-worthy,2021-03-17 00:47:22
295,651,Extended asynchronous standardization,424,2021-03-17 11:41:36,groupware,2021-03-17 01:00:29
296,731,Fully-configurable discrete architecture,98,2021-03-17 22:07:27,Mandatory,2021-03-17 02:22:21
297,418,Optional fresh-thinking superstructure,915,2021-03-17 03:08:26,knowledge base,2021-03-17 05:58:05
298,767,Streamlined mobile hierarchy,831,2021-03-17 20:18:14,static,2021-03-17 09:48:06
299,244,Integrated cohesive artificial intelligence,148,2021-03-17 06:23:29,modular,2021-03-17 22:22:56
300,512,Triple-buffered analyzing challenge,619,2021-03-17 20:10:08,client-server,2021-03-17 19:38:12
301,223,Vision-oriented radical hub,508,2021-03-17 20:50:40,Compatible,2021-03-17 18:56:28
302,341,Distributed secondary structure,191,2021-03-17 02:05:47,radical,2021-03-17 06:40:40
303,256,Switchable full-range open system,487,2021-03-17 11:35:19,Phased,2021-03-17 05:24:30
304,922,Right-sized national project,151,2021-03-17 21:50:26,leverage,2021-03-17 14:34:43
305,23,Automated multimedia groupware,679,2021-03-17 06:22:33,Optimized,2021-03-17 02:06:25
306,209,Business-focused 6th generation productivity,549,2021-03-17 05:00:29,info-mediaries,2021-03-17 09:14:02
307,328,Proactive dedicated toolset,149,2021-03-17 16:07:54,utilisation,2021-03-17 13:27:55
308,114,Re-contextualized impactful firmware,495,2021-03-17 02:11:04,impactful,2021-03-17 11:17:20
309,512,Open-architected regional methodology,365,2021-03-17 02:54:54,Phased,2021-03-17 16:27:41
310,949,Business-focused heuristic alliance,735,2021-03-17 05:32:43,bi-directional,2021-03-17 03:34:40
311,366,Ameliorated real-time database,487,2021-03-17 05:59:14,structure,2021-03-17 17:31:57
312,81,Fully-configurable next generation orchestration,136,2021-03-17 05:25:10,time-frame,
313,330,Configurable content-based moderator,704,2021-03-17 16:09:12,Balanced,2021-03-17 17:49:14
314,967,Cloned web-enabled software,948,2021-03-17 16:24:04,system-worthy,2021-03-17 21:25:49
315,310,Open-source hybrid artificial intelligence,362,2021-03-17 10:06:45,bifurcated,2021-03-17 05:20:45
316,568,Intuitive demand-driven orchestration,220,2021-03-17 00:23:43,circuit,2021-03-17 02:45:29
317,340,Programmable uniform capacity,878,2021-03-17 00:02:08,workforce,2021-03-17 06:27:11
318,13,Expanded bi-directional product,163,2021-03-17 00:42:11,Exclusive,
319,837,Inverse analyzing capacity,585,2021-03-17 23:17:39,Realigned,2021-03-17 12:14:32
320,439,Open-architected web-enabled collaboration,4,2021-03-17 09:22:48,core,2021-03-17 09:31:08
321,874,Intuitive high-level capability,292,2021-03-17 08:42:54,synergy,2021-03-17 07:34:38
322,34,De-engineered asynchronous algorithm,590,2021-03-17 21:31:13,matrix,2021-03-17 14:01:50
323,389,Integrated bi-directional circuit,880,2021-03-17 17:53:13,attitude,2021-03-17 11:35:39
324,840,Networked secondary data-warehouse,507,2021-03-17 19:36:57,holistic,2021-03-17 12:43:45
325,839,Virtual analyzing hardware,656,2021-03-17 08:19:17,Synergized,
326,921,Optional real-time product,13,2021-03-17 01:35:33,motivating,
327,366,Seamless value-added throughput,670,2021-03-17 03:32:43,portal,2021-03-17 11:00:05
328,534,Multi-layered asynchronous alliance,146,2021-03-17 12:52:19,encryption,2021-03-17 03:24:21
329,578,Cross-platform asynchronous projection,236,2021-03-17 08:13:33,concept,2021-03-17 16:25:54
330,158,Reduced clear-thinking matrices,506,2021-03-17 03:20:29,capacity,2021-03-17 09:07:32
331,606,Customizable non-volatile adapter,638,2021-03-17 22:26:08,Function-based,2021-03-17 05:53:29
332,500,Enterprise-wide object-oriented capacity,538,2021-03-17 07:50:42,solution-oriented,2021-03-17 15:36:57
333,809,Re-contextualized uniform productivity,787,2021-03-17 10:20:04,Streamlined,2021-03-17 16:18:17
334,465,Up-sized client-driven Graphical User Interface,732,2021-03-17 01:37:43,attitude-oriented,2021-03-17 00:12:42
335,820,Reverse-engineered methodical portal,333,2021-03-17 16:24:52,Realigned,2021-03-17 07:51:19
336,639,Focused encompassing pricing structure,758,2021-03-17 21:25:03,24/7,2021-03-17 11:06:33
337,414,Public-key high-level circuit,73,2021-03-17 12:26:08,concept,2021-03-17 15:41:37
338,624,Upgradable well-modulated monitoring,465,2021-03-17 08:17:02,local,
339,404,Self-enabling methodical Graphic Interface,324,2021-03-17 05:21:50,data-warehouse,2021-03-17 23:21:10
340,298,Fully-configurable mission-critical internet solution,107,2021-03-17 00:41:12,Right-sized,2021-03-17 09:47:37
341,91,Self-enabling static algorithm,232,2021-03-17 01:17:00,attitude-oriented,2021-03-17 01:40:47
342,77,Team-oriented tangible architecture,856,2021-03-17 07:18:12,analyzer,2021-03-17 19:18:55
343,474,Profound intangible challenge,602,2021-03-17 02:14:40,value-added,2021-03-17 07:36:01
344,35,Upgradable scalable function,989,2021-03-17 11:59:31,Robust,2021-03-17 10:47:24
345,588,Cloned optimal hardware,929,2021-03-17 14:35:54,product,2021-03-17 16:15:48
346,69,Integrated bifurcated architecture,673,2021-03-17 02:53:48,Versatile,2021-03-17 19:13:02
347,727,Extended directional moderator,188,2021-03-17 23:37:34,Exclusive,2021-03-17 18:09:37
348,929,Up-sized next generation database,352,2021-03-17 07:49:54,protocol,2021-03-17 15:31:56
349,73,Persevering real-time collaboration,228,2021-03-17 06:23:57,tertiary,2021-03-17 11:46:00
350,152,Proactive leading edge orchestration,643,2021-03-17 20:24:17,Advanced,2021-03-17 14:32:37
351,348,Profit-focused systematic framework,355,2021-03-17 09:56:40,website,2021-03-17 00:18:10
352,461,Advanced object-oriented capability,198,2021-03-17 11:09:32,paradigm,2021-03-17 04:19:05
353,853,Monitored client-driven flexibility,155,2021-03-17 08:44:40,Mandatory,2021-03-17 16:26:42
354,508,Devolved tertiary approach,171,2021-03-17 14:49:38,function,2021-03-17 17:28:21
355,932,Decentralized impactful hub,109,2021-03-17 09:09:56,discrete,2021-03-17 17:44:50
356,708,Realigned responsive instruction set,384,2021-03-17 14:09:17,client-driven,2021-03-17 19:55:24
357,581,Programmable well-modulated software,78,2021-03-17 16:09:36,Re-engineered,2021-03-17 05:59:16
358,749,Ameliorated hybrid process improvement,504,2021-03-17 14:08:11,Digitized,2021-03-17 04:14:18
359,695,Distributed multi-tasking firmware,9,2021-03-17 02:44:06,stable,2021-03-17 13:23:37
360,482,Devolved asynchronous Graphical User Interface,181,2021-03-17 10:19:43,application,2021-03-17 10:17:43
361,110,Quality-focused executive pricing structure,726,2021-03-17 05:58:22,forecast,2021-03-17 11:24:57
362,228,Operative non-volatile budgetary management,509,2021-03-17 11:11:28,incremental,
363,818,Compatible solution-oriented protocol,875,2021-03-17 13:10:22,zero tolerance,2021-03-17 05:19:30
364,600,Assimilated composite approach,687,2021-03-17 15:26:14,monitoring,2021-03-17 09:30:11
365,421,Mandatory leading edge implementation,938,2021-03-17 12:55:11,portal,2021-03-17 03:16:37
366,347,Centralized regional toolset,829,2021-03-17 05:07:53,grid-enabled,2021-03-17 04:50:44
367,150,Ameliorated cohesive synergy,622,2021-03-17 02:13:06,interface,2021-03-17 02:46:20
368,437,Horizontal homogeneous throughput,358,2021-03-17 10:06:41,superstructure,2021-03-17 07:32:11
369,243,Synergized contextually-based open system,650,2021-03-17 22:34:43,projection,2021-03-17 21:27:48
370,319,Proactive bi-directional approach,123,2021-03-17 12:50:27,Extended,
371,947,Customizable clear-thinking matrix,433,2021-03-17 11:09:34,initiative,2021-03-17 17:19:21
372,797,Versatile upward-trending access,808,2021-03-17 11:52:25,Multi-tiered,2021-03-17 15:16:53
373,604,Multi-layered zero administration Graphic Interface,992,2021-03-17 09:48:17,maximized,2021-03-17 05:47:38
374,913,Upgradable bifurcated functionalities,911,2021-03-17 07:34:52,grid-enabled,2021-03-17 13:34:26
375,525,Advanced non-volatile customer loyalty,861,2021-03-17 12:54:50,stable,2021-03-17 16:59:15
376,717,Triple-buffered 4th generation paradigm,626,2021-03-17 07:40:25,Persistent,
377,160,Organic fault-tolerant algorithm,194,2021-03-17 09:24:16,concept,2021-03-17 01:03:13
378,221,Operative context-sensitive analyzer,416,2021-03-17 11:08:44,holistic,2021-03-17 05:16:24
379,26,Persevering optimal instruction set,256,2021-03-17 14:18:18,dedicated,2021-03-17 12:59:37
380,556,Multi-layered empowering array,471,2021-03-17 15:52:27,approach,2021-03-17 21:43:18
381,5,Compatible 6th generation structure,411,2021-03-17 00:10:00,time-frame,2021-03-17 07:27:18
382,340,Multi-tiered solution-oriented Graphical User Interface,816,2021-03-17 05:03:16,Sharable,2021-03-17 21:04:16
383,727,Stand-alone fault-tolerant artificial intelligence,325,2021-03-17 15:07:31,Ameliorated,2021-03-17 04:06:34
384,759,Virtual leading edge extranet,599,2021-03-17 12:25:20,bifurcated,2021-03-17 15:58:52
385,167,Multi-layered background utilisation,556,2021-03-17 21:18:10,responsive,2021-03-17 17:20:05
386,800,Reduced heuristic challenge,929,2021-03-17 19:50:28,coherent,2021-03-17 03:45:54
387,518,Team-oriented systematic website,931,2021-03-17 06:37:40,help-desk,2021-03-17 13:02:34
388,77,Synergized regional moderator,481,2021-03-17 20:41:34,extranet,2021-03-17 04:44:14
389,368,Profound contextually-based neural-net,163,2021-03-17 13:46:04,maximized,2021-03-17 21:50:47
390,486,Diverse attitude-oriented success,242,2021-03-17 16:25:36,application,2021-03-17 13:23:37
391,973,Multi-tiered homogeneous alliance,842,2021-03-17 21:02:14,encryption,2021-03-17 19:10:31
392,998,Multi-lateral value-added productivity,554,2021-03-17 02:51:10,encoding,2021-03-17 07:31:21
393,66,Total system-worthy challenge,750,2021-03-17 20:37:23,solution-oriented,2021-03-17 18:03:24
394,385,Vision-oriented scalable extranet,769,2021-03-17 01:38:08,fresh-thinking,2021-03-17 14:18:20
395,911,Function-based neutral installation,505,2021-03-17 17:38:04,policy,2021-03-17 00:50:00
396,25,User-friendly bifurcated process improvement,382,2021-03-17 08:36:30,process improvement,2021-03-17 09:45:34
397,899,Reduced local neural-net,118,2021-03-17 11:53:03,foreground,2021-03-17 12:07:00
398,797,Total bottom-line projection,680,2021-03-17 04:54:21,multimedia,2021-03-17 02:24:58
399,939,Automated 24 hour frame,885,2021-03-17 10:26:24,Open-source,2021-03-17 10:16:33
400,50,Public-key zero administration encoding,858,2021-03-17 16:31:42,regional,2021-03-17 17:36:54
401,518,Networked fault-tolerant project,300,2021-03-17 11:22:34,function,2021-03-17 06:07:27
402,338,Open-source real-time forecast,970,2021-03-17 01:14:27,Cross-platform,2021-03-17 22:52:11
403,651,Pre-emptive systemic interface,533,2021-03-17 04:20:58,motivating,2021-03-17 06:03:51
404,451,Exclusive bifurcated intranet,11,2021-03-17 22:15:48,architecture,2021-03-17 15:02:01
405,914,Focused 4th generation protocol,355,2021-03-17 07:15:20,Mandatory,2021-03-17 06:24:18
406,493,Enterprise-wide radical software,642,2021-03-17 13:19:36,leverage,2021-03-17 08:35:59
407,389,Advanced dynamic orchestration,882,2021-03-17 16:24:33,monitoring,2021-03-17 20:10:41
408,317,Function-based 3rd generation throughput,775,2021-03-17 14:18:52,Realigned,2021-03-17 01:14:00
409,136,Focused multimedia orchestration,710,2021-03-17 12:00:43,Triple-buffered,2021-03-17 21:27:13
410,671,Adaptive homogeneous budgetary management,812,2021-03-17 00:52:14,holistic,2021-03-17 10:25:20
411,843,Horizontal 4th generation conglomeration,250,2021-03-17 01:39:25,project,2021-03-17 08:47:44
412,211,Stand-alone web-enabled secured line,514,2021-03-17 04:05:33,synergy,2021-03-17 12:53:13
413,350,Robust tangible process improvement,323,2021-03-17 00:35:33,frame,2021-03-17 04:33:18
414,693,Assimilated even-keeled help-desk,212,2021-03-17 10:44:38,regional,
415,56,Compatible grid-enabled instruction set,954,2021-03-17 10:51:29,zero defect,2021-03-17 15:23:00
416,572,Ameliorated global application,49,2021-03-17 13:24:17,software,2021-03-17 15:02:50
417,898,Multi-lateral incremental portal,452,2021-03-17 12:57:50,Customer-focused,2021-03-17 13:25:16
418,160,Ergonomic holistic help-desk,158,2021-03-17 05:36:18,Upgradable,2021-03-17 13:23:36
419,894,Assimilated optimizing hardware,946,2021-03-17 08:23:59,archive,2021-03-17 19:46:22
420,774,Cloned responsive matrix,484,2021-03-17 07:04:54,monitoring,2021-03-17 05:21:19
421,60,Total heuristic productivity,831,2021-03-17 16:46:03,reciprocal,2021-03-17 15:33:45
422,173,Focused reciprocal intranet,949,2021-03-17 16:29:59,Pre-emptive,2021-03-17 14:42:49
423,308,Intuitive zero administration encryption,748,2021-03-17 13:19:45,demand-driven,2021-03-17 01:38:34
424,510,Up-sized needs-based analyzer,450,2021-03-17 05:13:56,discrete,2021-03-17 11:32:36
425,196,Virtual transitional moderator,854,2021-03-17 21:12:04,fault-tolerant,2021-03-17 22:40:35
426,256,Organized radical internet solution,389,2021-03-17 08:01:18,Focused,2021-03-17 12:17:52
427,548,Enterprise-wide zero administration strategy,713,2021-03-17 13:33:37,Grass-roots,2021-03-17 09:52:01
428,141,Seamless 24 hour pricing structure,910,2021-03-17 08:35:59,framework,2021-03-17 17:10:40
429,566,Networked systematic open system,530,2021-03-17 16:06:31,Profit-focused,2021-03-17 03:13:54
430,477,Exclusive interactive collaboration,265,2021-03-17 07:32:44,archive,2021-03-17 01:43:52
431,716,Cloned neutral capacity,639,2021-03-17 16:35:58,radical,2021-03-17 17:01:21
432,620,Stand-alone solution-oriented complexity,11,2021-03-17 11:55:12,fault-tolerant,2021-03-17 03:19:37
433,849,Organized mission-critical implementation,409,2021-03-17 02:16:00,Object-based,2021-03-17 11:09:08
434,416,Profound analyzing encryption,408,2021-03-17 06:57:43,Configurable,2021-03-17 10:53:31
435,477,Quality-focused didactic service-desk,659,2021-03-17 19:24:51,success,2021-03-17 14:49:34
436,10,Focused foreground methodology,177,2021-03-17 03:23:25,core,2021-03-17 11:54:10
437,878,Re-engineered analyzing paradigm,259,2021-03-17 00:39:27,Compatible,2021-03-17 09:44:34
438,899,Persistent client-driven archive,227,2021-03-17 01:54:18,challenge,2021-03-17 13:43:59
439,315,Robust next generation monitoring,774,2021-03-17 18:51:31,Devolved,2021-03-17 23:26:45
440,919,User-friendly optimal software,734,2021-03-17 23:09:13,Persistent,2021-03-17 09:46:32
441,616,Optional dynamic structure,155,2021-03-17 14:11:09,scalable,2021-03-17 03:16:12
442,474,De-engineered dedicated superstructure,533,2021-03-17 02:19:19,local,2021-03-17 23:45:43
443,464,Pre-emptive attitude-oriented interface,963,2021-03-17 07:05:43,superstructure,2021-03-17 16:32:34
444,740,Optimized composite data-warehouse,797,2021-03-17 01:01:47,neutral,2021-03-17 18:04:34
445,42,Proactive mobile software,796,2021-03-17 15:21:09,systemic,2021-03-17 09:23:20
446,185,Expanded demand-driven parallelism,459,2021-03-17 12:24:06,intranet,
447,274,Devolved background structure,550,2021-03-17 07:05:01,budgetary management,2021-03-17 22:52:42
448,671,Persevering impactful migration,365,2021-03-17 04:53:05,Right-sized,2021-03-17 17:40:56
449,27,Public-key contextually-based customer loyalty,327,2021-03-17 14:03:17,discrete,2021-03-17 21:18:58
450,275,Networked 4th generation architecture,870,2021-03-17 19:55:22,executive,2021-03-17 21:52:34
451,934,Balanced value-added ability,814,2021-03-17 16:52:44,Persevering,2021-03-17 11:34:30
452,978,Customer-focused eco-centric database,582,2021-03-17 12:16:34,moderator,2021-03-17 05:03:37
453,353,Compatible context-sensitive definition,12,2021-03-17 08:52:43,encoding,
454,200,Function-based modular concept,571,2021-03-17 19:46:52,3rd generation,2021-03-17 13:21:21
455,11,Distributed 24 hour benchmark,259,2021-03-17 02:00:38,Devolved,2021-03-17 06:13:49
456,789,Compatible actuating task-force,889,2021-03-17 15:20:15,focus group,
457,399,Reverse-engineered exuding success,252,2021-03-17 02:44:59,secondary,2021-03-17 13:54:43
458,444,Virtual secondary framework,371,2021-03-17 13:01:10,Business-focused,2021-03-17 11:33:41
459,882,Visionary didactic core,5,2021-03-17 13:40:52,Exclusive,2021-03-17 04:39:32
460,112,Assimilated object-oriented circuit,552,2021-03-17 15:13:30,utilisation,2021-03-17 03:44:13
461,605,Optional client-driven leverage,379,2021-03-17 19:49:07,Compatible,2021-03-17 09:42:24
462,743,Cloned next generation website,809,2021-03-17 20:32:01,Optimized,2021-03-17 06:56:43
463,43,Customizable cohesive synergy,360,2021-03-17 14:51:03,analyzer,2021-03-17 07:04:24
464,227,Public-key dedicated open system,45,2021-03-17 05:19:06,adapter,2021-03-17 07:06:14
465,256,Configurable human-resource utilisation,626,2021-03-17 12:17:13,multimedia,
466,298,Multi-layered solution-oriented parallelism,38,2021-03-17 02:52:38,challenge,2021-03-17 01:08:44
467,376,Distributed 24 hour standardization,96,2021-03-17 05:01:00,Inverse,2021-03-17 03:04:15
468,732,Multi-channelled analyzing frame,905,2021-03-17 03:19:36,Upgradable,2021-03-17 21:05:49
469,876,Synchronised discrete artificial intelligence,479,2021-03-17 05:09:41,moderator,2021-03-17 10:00:14
470,394,Synergistic didactic frame,855,2021-03-17 02:50:20,Secured,2021-03-17 13:56:21
471,613,Integrated empowering array,33,2021-03-17 16:28:04,Synchronised,
472,713,Open-source actuating orchestration,843,2021-03-17 10:00:57,holistic,2021-03-17 06:07:33
473,609,Adaptive non-volatile initiative,644,2021-03-17 23:15:56,Graphic Interface,
474,848,Front-line 24 hour website,803,2021-03-17 15:53:00,Reduced,2021-03-17 04:47:26
475,466,Configurable heuristic ability,551,2021-03-17 10:04:06,interactive,2021-03-17 15:05:07
476,808,Visionary fresh-thinking extranet,376,2021-03-17 18:45:50,Proactive,2021-03-17 11:09:58
477,945,Triple-buffered hybrid analyzer,387,2021-03-17 10:32:31,User-centric,2021-03-17 08:25:54
478,193,Multi-channelled high-level internet solution,372,2021-03-17 14:51:31,fresh-thinking,2021-03-17 08:34:53
479,764,User-centric leading edge standardization,754,2021-03-17 04:14:20,Robust,2021-03-17 08:03:47
480,706,Profound reciprocal monitoring,486,2021-03-17 02:30:10,interactive,2021-03-17 12:02:33
481,852,Profound needs-based success,497,2021-03-17 17:09:37,optimizing,2021-03-17 23:26:21
482,184,Cross-platform next generation emulation,86,2021-03-17 17:03:36,local area network,2021-03-17 17:15:08
483,17,Mandatory 24 hour synergy,481,2021-03-17 03:27:59,encryption,2021-03-17 19:13:16
484,495,Switchable neutral website,454,2021-03-17 04:18:26,encoding,2021-03-17 02:43:24
485,593,Future-proofed upward-trending Graphic Interface,427,2021-03-17 11:42:06,budgetary management,2021-03-17 16:05:48
486,909,Re-engineered background projection,287,2021-03-17 12:55:33,functionalities,
487,842,Compatible reciprocal moratorium,74,2021-03-17 02:12:31,client-server,2021-03-17 08:23:09
488,936,Centralized multi-state open system,417,2021-03-17 13:34:05,Implemented,2021-03-17 17:17:14
489,229,Cloned fresh-thinking hierarchy,505,2021-03-17 00:32:54,De-engineered,2021-03-17 22:11:30
490,428,Inverse asymmetric local area network,926,2021-03-17 14:53:35,directional,2021-03-17 08:29:13
491,654,Right-sized disintermediate encryption,569,2021-03-17 02:35:53,Grass-roots,2021-03-17 16:38:09
492,780,Devolved non-volatile analyzer,181,2021-03-17 07:51:40,forecast,2021-03-17 22:41:21
493,721,Stand-alone systemic array,338,2021-03-17 23:44:08,homogeneous,
494,214,Re-contextualized client-driven success,130,2021-03-17 22:20:45,moderator,2021-03-17 09:00:32
495,515,Open-source human-resource system engine,770,2021-03-17 21:49:38,Graphic Interface,2021-03-17 22:11:56
496,431,Extended zero defect conglomeration,608,2021-03-17 02:26:21,application,2021-03-17 01:02:48
497,523,Cloned responsive encoding,661,2021-03-17 19:52:27,middleware,2021-03-17 16:35:11
498,407,Down-sized background infrastructure,177,2021-03-17 08:04:18,executive,2021-03-17 17:22:57
499,765,Expanded interactive synergy,284,2021-03-17 03:13:02,dynamic,2021-03-17 17:28:22
500,268,Down-sized holistic website,332,2021-03-17 17:06:52,Re-contextualized,2021-03-17 14:50:30
501,971,Phased 4th generation encryption,838,2021-03-17 05:52:27,dynamic,2021-03-17 05:06:31
502,822,Multi-channelled mobile challenge,583,2021-03-17 14:37:58,encoding,2021-03-17 20:41:12
503,295,Enterprise-wide systematic intranet,72,2021-03-17 08:03:28,Mandatory,2021-03-17 16:08:01
504,287,Re-contextualized grid-enabled focus group,775,2021-03-17 05:55:46,Balanced,
505,933,Realigned mobile capability,739,2021-03-17 02:44:34,Face to face,2021-03-17 12:34:28
506,612,Right-sized 24/7 info-mediaries,362,2021-03-17 20:34:29,Team-oriented,2021-03-17 14:47:37
507,462,Centralized exuding strategy,744,2021-03-17 01:43:12,global,2021-03-17 15:24:33
508,536,Re-contextualized dedicated projection,617,2021-03-17 20:08:18,attitude,2021-03-17 00:25:44
509,975,Optimized upward-trending standardization,952,2021-03-17 00:54:33,parallelism,2021-03-17 10:46:10
510,707,Switchable stable benchmark,411,2021-03-17 19:17:45,Inverse,2021-03-17 16:17:17
511,77,Proactive interactive installation,83,2021-03-17 21:21:19,Triple-buffered,2021-03-17 02:37:59
512,350,Function-based multi-tasking software,800,2021-03-17 18:26:26,eco-centric,2021-03-17 04:20:48
513,54,Fully-configurable mission-critical installation,934,2021-03-17 10:43:54,background,2021-03-17 12:58:02
514,915,Triple-buffered responsive protocol,350,2021-03-17 05:57:58,national,2021-03-17 13:45:25
515,363,Extended composite instruction set,291,2021-03-17 13:59:14,multi-tasking,2021-03-17 04:28:39
516,479,Adaptive dedicated flexibility,322,2021-03-17 23:04:50,pricing structure,2021-03-17 13:06:19
517,533,Multi-channelled 4th generation moderator,757,2021-03-17 08:15:33,superstructure,2021-03-17 00:53:36
518,256,Total non-volatile orchestration,752,2021-03-17 03:43:11,Up-sized,2021-03-17 08:12:13
519,672,Stand-alone composite knowledge user,349,2021-03-17 08:15:55,holistic,2021-03-17 06:34:16
520,206,Automated multi-state pricing structure,885,2021-03-17 10:26:12,asynchronous,2021-03-17 07:20:37
521,853,Operative asymmetric methodology,537,2021-03-17 10:30:32,system-worthy,2021-03-17 19:07:38
522,282,Universal cohesive flexibility,855,2021-03-17 01:23:38,transitional,
523,779,Face to face multimedia workforce,641,2021-03-17 11:50:02,bifurcated,2021-03-17 00:48:40
524,254,Synergized regional internet solution,424,2021-03-17 03:19:16,productivity,2021-03-17 15:42:15
525,917,Implemented upward-trending forecast,400,2021-03-17 06:05:29,Organic,2021-03-17 23:49:21
526,235,Down-sized impactful capability,164,2021-03-17 04:10:53,info-mediaries,2021-03-17 10:44:20
527,771,Persistent radical middleware,602,2021-03-17 21:52:19,bifurcated,2021-03-17 00:50:54
528,96,Versatile intermediate synergy,892,2021-03-17 01:44:33,success,2021-03-17 09:39:20
529,44,Automated reciprocal middleware,56,2021-03-17 22:00:39,radical,2021-03-17 15:24:14
530,14,Implemented asymmetric hardware,692,2021-03-17 07:39:34,bandwidth-monitored,2021-03-17 21:37:52
531,195,Multi-tiered bifurcated product,347,2021-03-17 09:18:01,De-engineered,2021-03-17 10:24:08
532,160,Multi-lateral coherent synergy,619,2021-03-17 12:28:15,pricing structure,2021-03-17 01:29:22
533,701,Automated client-server focus group,344,2021-03-17 11:43:35,coherent,2021-03-17 17:32:26
534,290,Reduced dedicated local area network,711,2021-03-17 20:01:42,intermediate,2021-03-17 11:28:28
535,281,Adaptive modular projection,59,2021-03-17 00:29:56,demand-driven,2021-03-17 14:16:53
536,428,Extended hybrid initiative,631,2021-03-17 05:22:45,core,2021-03-17 06:23:18
537,878,Monitored 6th generation productivity,876,2021-03-17 01:08:46,Progressive,2021-03-17 08:29:37
538,991,Reverse-engineered asynchronous portal,149,2021-03-17 11:37:33,portal,2021-03-17 12:12:00
539,497,Visionary 24/7 internet solution,266,2021-03-17 15:53:18,emulation,2021-03-17 21:08:46
540,986,Polarised tertiary task-force,274,2021-03-17 22:32:18,leading edge,
541,950,Phased uniform projection,887,2021-03-17 19:47:48,Polarised,2021-03-17 00:51:25
542,203,Horizontal multimedia architecture,36,2021-03-17 19:47:29,Configurable,2021-03-17 05:09:11
543,181,Robust tertiary analyzer,980,2021-03-17 20:46:00,support,2021-03-17 20:56:59
544,330,Fully-configurable bifurcated knowledge base,343,2021-03-17 15:31:45,firmware,2021-03-17 02:45:17
545,469,Profound mobile collaboration,196,2021-03-17 03:38:07,transitional,2021-03-17 17:05:12
546,656,Automated analyzing core,967,2021-03-17 03:25:32,Down-sized,2021-03-17 08:34:02
547,165,Decentralized tertiary hierarchy,305,2021-03-17 19:38:50,Balanced,2021-03-17 15:43:36
548,946,Front-line full-range firmware,409,2021-03-17 18:49:48,didactic,2021-03-17 10:17:22
549,176,Stand-alone bi-directional leverage,476,2021-03-17 01:24:11,leading edge,2021-03-17 03:48:59
550,194,Public-key web-enabled system engine,786,2021-03-17 23:43:14,intranet,2021-03-17 05:30:52
551,657,Compatible reciprocal productivity,731,2021-03-17 18:49:31,Vision-oriented,2021-03-17 09:05:30
552,416,Distributed 24 hour service-desk,429,2021-03-17 13:15:53,empowering,2021-03-17 15:01:51
553,588,Pre-emptive heuristic initiative,56,2021-03-17 09:11:21,Secured,2021-03-17 21:22:01
554,43,Adaptive impactful matrices,31,2021-03-17 21:00:40,Innovative,2021-03-17 00:02:19
555,896,Multi-tiered clear-thinking benchmark,794,2021-03-17 08:23:17,encryption,
556,346,Secured uniform middleware,153,2021-03-17 05:17:16,benchmark,
557,395,Decentralized stable info-mediaries,806,2021-03-17 08:35:46,Fundamental,2021-03-17 07:53:17
558,559,Advanced value-added projection,728,2021-03-17 20:34:22,Intuitive,2021-03-17 01:08:04
559,729,Managed cohesive middleware,724,2021-03-17 10:51:15,throughput,2021-03-17 01:47:43
560,73,Organic background forecast,669,2021-03-17 04:12:16,Seamless,2021-03-17 09:43:32
561,454,Synchronised scalable initiative,780,2021-03-17 20:47:37,utilisation,
562,454,Face to face human-resource implementation,223,2021-03-17 07:02:13,architecture,
563,329,Cross-platform attitude-oriented orchestration,842,2021-03-17 09:23:41,eco-centric,2021-03-17 13:25:28
564,805,Cross-platform attitude-oriented flexibility,42,2021-03-17 10:27:58,leverage,2021-03-17 17:31:38
565,301,User-centric contextually-based workforce,141,2021-03-17 06:21:50,multimedia,
566,468,Multi-lateral systematic attitude,913,2021-03-17 20:36:09,Future-proofed,2021-03-17 19:07:44
567,442,Up-sized regional instruction set,963,2021-03-17 11:43:44,fault-tolerant,2021-03-17 05:40:14
568,958,Ameliorated responsive flexibility,825,2021-03-17 03:31:05,Up-sized,2021-03-17 13:41:17
569,354,Customer-focused attitude-oriented project,145,2021-03-17 09:07:39,product,2021-03-17 01:32:39
570,916,De-engineered homogeneous middleware,978,2021-03-17 19:46:01,well-modulated,2021-03-17 09:35:57
571,930,Multi-tiered incremental system engine,613,2021-03-17 16:13:18,clear-thinking,2021-03-17 01:17:03
572,479,Cross-group empowering application,851,2021-03-17 08:49:16,eco-centric,2021-03-17 11:23:13
573,622,Persistent directional circuit,287,2021-03-17 19:02:47,executive,2021-03-17 02:02:33
574,12,Business-focused regional capability,879,2021-03-17 06:53:07,even-keeled,2021-03-17 05:09:10
575,249,Centralized system-worthy access,93,2021-03-17 07:48:08,even-keeled,2021-03-17 20:06:54
576,13,Networked mobile moderator,966,2021-03-17 11:19:00,holistic,2021-03-17 11:21:20
577,840,Distributed hybrid instruction set,939,2021-03-17 03:01:31,disintermediate,2021-03-17 18:59:35
578,330,Synergistic zero tolerance firmware,759,2021-03-17 06:16:42,optimal,2021-03-17 05:05:23
579,300,Seamless zero administration matrix,410,2021-03-17 12:05:52,focus group,2021-03-17 17:42:03
580,62,Exclusive grid-enabled parallelism,854,2021-03-17 01:07:30,Synergized,2021-03-17 14:15:17
581,693,Profound client-server strategy,935,2021-03-17 11:42:45,real-time,2021-03-17 19:43:29
582,152,Realigned optimizing help-desk,919,2021-03-17 19:20:38,Multi-tiered,2021-03-17 22:35:01
583,583,Multi-channelled full-range open system,982,2021-03-17 23:19:14,local,
584,539,Sharable responsive core,464,2021-03-17 23:10:09,De-engineered,2021-03-17 07:56:28
585,625,Up-sized mobile focus group,373,2021-03-17 12:49:13,moderator,2021-03-17 22:58:16
586,160,Versatile actuating interface,815,2021-03-17 08:26:21,Expanded,
587,391,Extended disintermediate superstructure,192,2021-03-17 05:59:32,Expanded,2021-03-17 08:41:44
588,43,Phased mission-critical capacity,654,2021-03-17 06:22:41,Robust,2021-03-17 05:53:00
589,39,Robust mission-critical customer loyalty,160,2021-03-17 11:14:15,application,2021-03-17 19:26:33
590,364,Persistent encompassing moratorium,341,2021-03-17 23:27:36,throughput,2021-03-17 10:41:31
591,463,Re-engineered mobile hierarchy,489,2021-03-17 16:44:31,Synergized,2021-03-17 13:30:15
592,766,Upgradable intermediate hierarchy,602,2021-03-17 08:09:45,Ergonomic,2021-03-17 16:31:20
593,228,Team-oriented mission-critical core,612,2021-03-17 03:49:37,open system,2021-03-17 16:32:29
594,816,Object-based multi-tasking archive,591,2021-03-17 02:16:30,Face to face,2021-03-17 09:30:20
595,501,Proactive high-level contingency,348,2021-03-17 05:55:47,throughput,2021-03-17 09:44:30
596,842,Sharable grid-enabled paradigm,278,2021-03-17 14:45:54,architecture,2021-03-17 00:13:10
597,51,Networked user-facing protocol,768,2021-03-17 12:53:44,intangible,2021-03-17 20:07:57
598,998,Public-key modular projection,729,2021-03-17 05:28:44,Triple-buffered,2021-03-17 21:48:03
599,278,Streamlined 24 hour synergy,823,2021-03-17 03:27:19,Intuitive,2021-03-17 01:43:29
600,230,Persistent 4th generation leverage,852,2021-03-17 22:08:13,focus group,2021-03-17 06:57:38
601,635,Programmable national budgetary management,218,2021-03-17 06:59:36,middleware,
602,127,Distributed client-server interface,502,2021-03-17 08:28:26,function,2021-03-17 08:37:21
603,206,Extended high-level complexity,44,2021-03-17 19:06:11,function,2021-03-17 02:38:52
604,460,Multi-layered next generation analyzer,639,2021-03-17 15:57:21,process improvement,2021-03-17 20:48:30
605,970,Triple-buffered context-sensitive definition,11,2021-03-17 07:30:17,projection,2021-03-17 04:37:38
606,830,Realigned object-oriented moderator,207,2021-03-17 07:28:32,Mandatory,2021-03-17 21:58:24
607,972,Ameliorated background application,923,2021-03-17 01:36:22,executive,2021-03-17 20:37:35
608,679,Phased asynchronous core,981,2021-03-17 03:51:04,modular,2021-03-17 02:15:52
609,510,Operative solution-oriented application,901,2021-03-17 12:07:12,time-frame,2021-03-17 02:54:06
610,272,Quality-focused static parallelism,487,2021-03-17 18:12:52,zero tolerance,2021-03-17 07:40:51
611,870,Progressive tertiary approach,645,2021-03-17 06:56:37,actuating,
612,5,Self-enabling 24 hour attitude,459,2021-03-17 00:02:31,Adaptive,2021-03-17 11:42:45
613,148,Total homogeneous support,762,2021-03-17 10:02:21,clear-thinking,2021-03-17 11:05:26
614,396,Right-sized system-worthy matrix,184,2021-03-17 17:41:45,moratorium,2021-03-17 22:55:50
615,815,Diverse fault-tolerant middleware,69,2021-03-17 13:43:56,task-force,
616,73,Multi-tiered mission-critical product,277,2021-03-17 15:41:03,radical,2021-03-17 21:32:31
617,713,Phased tangible leverage,912,2021-03-17 23:57:19,contingency,2021-03-17 00:57:40
618,575,Streamlined explicit local area network,853,2021-03-17 03:52:32,contingency,2021-03-17 04:20:58
619,523,Re-contextualized actuating knowledge base,20,2021-03-17 21:41:04,Realigned,
620,44,Ameliorated reciprocal support,293,2021-03-17 08:42:34,directional,2021-03-17 19:28:18
621,704,Organic demand-driven algorithm,919,2021-03-17 17:07:08,Future-proofed,
622,972,Visionary fault-tolerant challenge,542,2021-03-17 18:28:29,open system,2021-03-17 07:27:09
623,848,Polarised grid-enabled analyzer,657,2021-03-17 16:13:01,forecast,2021-03-17 23:43:41
624,111,Universal intangible methodology,574,2021-03-17 16:30:24,Ameliorated,2021-03-17 00:05:12
625,575,Synergistic 24/7 Graphic Interface,604,2021-03-17 01:16:53,Customer-focused,2021-03-17 11:16:32
626,434,Synchronised 6th generation interface,818,2021-03-17 21:02:48,task-force,
627,29,User-centric secondary knowledge base,143,2021-03-17 14:36:51,multi-tasking,2021-03-17 01:41:22
628,364,Programmable incremental functionalities,11,2021-03-17 07:36:04,conglomeration,2021-03-17 10:42:23
629,431,Inverse global knowledge base,485,2021-03-17 06:57:28,contingency,2021-03-17 01:48:52
630,256,Reverse-engineered grid-enabled access,96,2021-03-17 02:53:23,background,2021-03-17 09:34:43
631,76,Persistent bottom-line middleware,342,2021-03-17 14:49:53,Switchable,2021-03-17 03:19:57
632,178,Expanded demand-driven approach,720,2021-03-17 00:09:25,24 hour,2021-03-17 23:01:19
633,130,Phased holistic access,466,2021-03-17 13:27:45,internet solution,2021-03-17 18:00:28
634,436,Distributed foreground monitoring,664,2021-03-17 06:27:34,Front-line,2021-03-17 21:31:28
635,71,Secured intermediate architecture,675,2021-03-17 00:58:56,methodical,2021-03-17 02:43:05
636,267,Compatible 4th generation database,763,2021-03-17 10:59:58,4th generation,2021-03-17 18:35:39
637,863,Face to face upward-trending pricing structure,339,2021-03-17 08:01:13,interface,2021-03-17 20:33:58
638,979,Right-sized bottom-line productivity,324,2021-03-17 05:21:22,user-facing,2021-03-17 15:09:13
639,524,Future-proofed content-based toolset,49,2021-03-17 13:44:45,client-driven,2021-03-17 23:30:09
640,733,Front-line 24/7 functionalities,972,2021-03-17 08:29:41,budgetary management,2021-03-17 16:09:30
641,656,Upgradable high-level hub,162,2021-03-17 13:26:32,hierarchy,
642,539,Pre-emptive intermediate algorithm,60,2021-03-17 11:47:07,emulation,2021-03-17 02:56:56
643,1,Balanced analyzing analyzer,118,2021-03-17 15:24:08,Polarised,2021-03-17 02:26:25
644,56,Fundamental static migration,35,2021-03-17 00:02:13,optimal,
645,132,Ameliorated systematic strategy,686,2021-03-17 18:33:47,Down-sized,2021-03-17 19:49:06
646,429,User-friendly radical synergy,884,2021-03-17 17:43:29,challenge,2021-03-17 02:55:57
647,501,Horizontal 24/7 architecture,575,2021-03-17 15:03:21,Ameliorated,
648,558,Self-enabling object-oriented capability,393,2021-03-17 17:18:00,3rd generation,2021-03-17 15:23:35
649,683,Vision-oriented hybrid monitoring,639,2021-03-17 23:16:03,high-level,2021-03-17 14:56:23
650,692,Phased scalable collaboration,266,2021-03-17 11:30:12,homogeneous,2021-03-17 08:50:49
651,750,Configurable value-added help-desk,444,2021-03-17 03:25:59,paradigm,2021-03-17 06:26:13
652,229,Digitized scalable flexibility,32,2021-03-17 12:29:25,Organic,2021-03-17 09:13:35
653,899,Object-based client-driven structure,483,2021-03-17 22:58:42,Switchable,2021-03-17 09:42:26
654,241,Synchronised zero administration complexity,371,2021-03-17 20:13:11,Right-sized,2021-03-17 12:08:52
655,892,Triple-buffered neutral internet solution,822,2021-03-17 06:14:52,multi-tasking,2021-03-17 09:31:53
656,392,Persistent context-sensitive moderator,526,2021-03-17 01:01:37,Expanded,2021-03-17 00:15:52
657,1,Cross-platform 24/7 model,905,2021-03-17 06:40:01,reciprocal,2021-03-17 06:44:17
658,426,Organic multi-state neural-net,861,2021-03-17 02:00:17,zero defect,2021-03-17 16:19:17
659,483,Vision-oriented asymmetric definition,664,2021-03-17 03:30:42,algorithm,2021-03-17 11:18:04
660,710,Compatible user-facing encoding,737,2021-03-17 14:20:47,customer loyalty,2021-03-17 17:35:41
661,408,Profound exuding synergy,791,2021-03-17 12:00:43,multi-state,2021-03-17 21:21:01
662,630,Distributed secondary framework,657,2021-03-17 16:17:17,knowledge base,2021-03-17 16:27:29
663,395,Progressive responsive knowledge user,404,2021-03-17 15:06:34,Seamless,2021-03-17 02:16:17
664,379,Decentralized radical approach,548,2021-03-17 10:24:50,object-oriented,2021-03-17 20:36:52
665,243,Fully-configurable client-server focus group,254,2021-03-17 03:24:16,access,2021-03-17 21:53:13
666,280,Centralized 24/7 monitoring,614,2021-03-17 06:08:26,alliance,2021-03-17 16:49:56
667,697,Reverse-engineered maximized monitoring,817,2021-03-17 17:46:52,content-based,2021-03-17 04:34:31
668,254,Function-based upward-trending synergy,615,2021-03-17 14:31:53,incremental,
669,269,Open-source holistic orchestration,870,2021-03-17 18:35:00,product,2021-03-17 17:33:10
670,566,Enhanced multi-state groupware,507,2021-03-17 13:09:16,collaboration,2021-03-17 03:28:41
671,98,Fundamental exuding conglomeration,242,2021-03-17 20:24:20,protocol,2021-03-17 05:23:35
672,835,Optimized holistic model,681,2021-03-17 09:39:02,Open-source,2021-03-17 12:07:36
673,695,Triple-buffered multi-tasking instruction set,302,2021-03-17 13:02:28,methodical,2021-03-17 05:54:15
674,857,Optimized leading edge architecture,52,2021-03-17 00:16:46,hierarchy,2021-03-17 04:17:30
675,163,Multi-tiered impactful functionalities,933,2021-03-17 08:37:09,attitude,2021-03-17 18:12:39
676,384,Universal 5th generation definition,571,2021-03-17 14:14:12,matrix,2021-03-17 11:14:04
677,506,Public-key client-server neural-net,393,2021-03-17 08:39:27,logistical,2021-03-17 05:28:09
678,293,Mandatory analyzing knowledge base,337,2021-03-17 18:05:14,circuit,2021-03-17 21:16:59
679,588,Profit-focused content-based algorithm,586,2021-03-17 16:01:32,hierarchy,2021-03-17 20:52:24
680,89,Polarised intermediate process improvement,793,2021-03-17 02:36:28,portal,2021-03-17 11:57:47
681,555,Business-focused attitude-oriented matrix,259,2021-03-17 03:12:04,hierarchy,2021-03-17 05:33:04
682,609,Distributed bottom-line interface,305,2021-03-17 03:50:08,Stand-alone,2021-03-17 17:08:09
683,496,Progressive content-based capacity,538,2021-03-17 06:04:11,web-enabled,2021-03-17 23:58:36
684,629,Synergized asynchronous hierarchy,919,2021-03-17 14:38:29,didactic,2021-03-17 10:49:32
685,904,De-engineered global Graphic Interface,227,2021-03-17 01:03:47,Distributed,2021-03-17 07:56:14
686,461,Stand-alone secondary artificial intelligence,513,2021-03-17 22:12:53,initiative,2021-03-17 07:19:58
687,480,Ameliorated regional hub,541,2021-03-17 20:31:32,focus group,2021-03-17 09:58:42
688,529,Compatible 5th generation initiative,794,2021-03-17 06:21:19,Innovative,2021-03-17 01:55:28
689,776,Advanced bottom-line flexibility,738,2021-03-17 03:44:28,benchmark,2021-03-17 15:18:53
690,606,Networked optimizing portal,374,2021-03-17 06:08:04,product,2021-03-17 23:06:43
691,558,Configurable leading edge system engine,750,2021-03-17 14:40:08,logistical,2021-03-17 16:51:29
692,854,Synergized secondary implementation,630,2021-03-17 03:30:37,neural-net,2021-03-17 10:02:46
693,719,Future-proofed demand-driven benchmark,244,2021-03-17 07:38:40,Horizontal,
694,408,Down-sized non-volatile hardware,516,2021-03-17 05:09:49,matrix,2021-03-17 03:39:00
695,353,User-friendly 24 hour customer loyalty,612,2021-03-17 12:10:14,policy,2021-03-17 14:51:45
696,368,Future-proofed logistical knowledge user,931,2021-03-17 04:50:15,exuding,
697,225,Progressive even-keeled time-frame,198,2021-03-17 08:04:17,client-driven,2021-03-17 01:24:01
698,261,Seamless attitude-oriented core,816,2021-03-17 23:48:11,initiative,2021-03-17 05:29:53
699,390,Multi-channelled incremental standardization,292,2021-03-17 09:00:12,Visionary,
700,720,Optimized asymmetric projection,427,2021-03-17 20:16:03,discrete,2021-03-17 01:00:35
701,570,Future-proofed coherent policy,854,2021-03-17 03:23:22,human-resource,2021-03-17 19:32:14
702,234,Team-oriented web-enabled emulation,536,2021-03-17 22:39:54,Distributed,2021-03-17 09:43:59
703,703,Ameliorated methodical circuit,413,2021-03-17 01:28:20,Multi-tiered,2021-03-17 19:56:22
704,754,Synchronised client-driven standardization,694,2021-03-17 18:27:45,radical,2021-03-17 03:18:53
705,195,Versatile didactic product,160,2021-03-17 01:24:12,Triple-buffered,2021-03-17 15:25:20
706,272,Organized local secured line,111,2021-03-17 12:47:23,Self-enabling,2021-03-17 15:22:38
707,486,Cross-group mobile strategy,743,2021-03-17 16:14:51,Progressive,2021-03-17 14:47:11
708,229,Self-enabling hybrid capability,482,2021-03-17 16:20:02,artificial intelligence,2021-03-17 10:14:53
709,902,Secured regional customer loyalty,374,2021-03-17 04:42:01,web-enabled,2021-03-17 02:47:35
710,894,Multi-layered cohesive portal,189,2021-03-17 17:49:29,Front-line,2021-03-17 14:51:08
711,558,Sharable value-added monitoring,777,2021-03-17 16:08:22,content-based,2021-03-17 04:50:37
712,273,Fully-configurable 6th generation policy,396,2021-03-17 01:42:50,array,2021-03-17 13:54:43
713,293,Progressive local hierarchy,902,2021-03-17 18:04:45,system engine,2021-03-17 07:33:13
714,597,Polarised bottom-line structure,724,2021-03-17 19:24:22,Networked,2021-03-17 10:09:15
715,36,Diverse hybrid database,904,2021-03-17 02:11:14,grid-enabled,2021-03-17 19:18:35
716,682,Upgradable zero administration productivity,507,2021-03-17 17:41:33,internet solution,
717,521,Seamless dynamic data-warehouse,428,2021-03-17 17:23:10,Stand-alone,2021-03-17 14:36:10
718,984,Enhanced user-facing benchmark,911,2021-03-17 12:37:00,synergy,2021-03-17 03:15:56
719,814,Triple-buffered 4th generation hardware,383,2021-03-17 07:59:45,utilisation,2021-03-17 14:37:39
720,893,Self-enabling global functionalities,661,2021-03-17 12:21:23,Ergonomic,2021-03-17 22:14:46
721,340,Team-oriented local hub,666,2021-03-17 08:13:50,dynamic,2021-03-17 14:07:25
722,958,Horizontal mobile hierarchy,384,2021-03-17 08:47:29,Diverse,2021-03-17 09:47:19
723,93,Fundamental contextually-based analyzer,756,2021-03-17 13:15:34,utilisation,2021-03-17 21:00:48
724,58,Compatible full-range open system,560,2021-03-17 23:20:11,3rd generation,2021-03-17 00:53:57
725,709,Multi-lateral coherent paradigm,284,2021-03-17 06:30:55,attitude,2021-03-17 14:57:59
726,337,Seamless intermediate synergy,986,2021-03-17 09:45:28,website,2021-03-17 23:20:27
727,731,Face to face dedicated system engine,932,2021-03-17 12:04:19,concept,2021-03-17 11:36:04
728,307,Reduced 5th generation attitude,988,2021-03-17 13:01:45,regional,2021-03-17 07:24:54
729,535,Digitized exuding complexity,297,2021-03-17 03:21:54,bifurcated,2021-03-17 15:38:22
730,838,Grass-roots leading edge core,6,2021-03-17 05:34:14,full-range,2021-03-17 13:47:43
731,908,Customizable value-added customer loyalty,513,2021-03-17 05:33:55,high-level,2021-03-17 12:57:16
732,19,User-centric 3rd generation instruction set,455,2021-03-17 20:26:59,project,2021-03-17 22:03:55
733,294,Total heuristic emulation,978,2021-03-17 09:33:21,Optional,2021-03-17 12:34:50
734,705,Exclusive hybrid extranet,55,2021-03-17 08:42:35,Horizontal,2021-03-17 03:16:43
735,36,Quality-focused systemic installation,73,2021-03-17 10:26:59,task-force,2021-03-17 15:06:24
736,715,Profound eco-centric firmware,246,2021-03-17 21:56:14,Reactive,2021-03-17 04:57:21
737,193,Exclusive demand-driven matrices,647,2021-03-17 04:57:22,service-desk,2021-03-17 17:46:27
738,399,Networked next generation alliance,758,2021-03-17 12:53:32,human-resource,2021-03-17 14:05:44
739,242,Decentralized national archive,422,2021-03-17 10:23:32,empowering,2021-03-17 15:27:40
740,520,Down-sized multi-tasking pricing structure,499,2021-03-17 02:21:10,Triple-buffered,2021-03-17 01:07:42
741,1000,Inverse optimizing toolset,924,2021-03-17 20:42:28,fault-tolerant,
742,944,Up-sized scalable access,877,2021-03-17 05:10:11,4th generation,2021-03-17 01:09:09
743,770,Centralized interactive product,327,2021-03-17 17:25:11,Profound,2021-03-17 00:26:27
744,929,Compatible coherent secured line,468,2021-03-17 14:05:03,Enhanced,2021-03-17 01:59:06
745,138,Optional cohesive success,636,2021-03-17 20:55:14,Progressive,2021-03-17 14:02:42
746,859,Reduced 6th generation groupware,654,2021-03-17 14:57:00,Profit-focused,2021-03-17 21:32:37
747,973,Stand-alone zero tolerance firmware,922,2021-03-17 08:16:38,pricing structure,2021-03-17 07:32:38
748,578,User-centric heuristic instruction set,253,2021-03-17 01:12:37,success,2021-03-17 13:56:52
749,913,Customer-focused 6th generation forecast,466,2021-03-17 12:24:56,neutral,2021-03-17 05:18:29
750,274,Extended tangible neural-net,453,2021-03-17 00:20:21,Customer-focused,2021-03-17 04:00:43
751,889,Optional cohesive definition,345,2021-03-17 19:25:48,hierarchy,2021-03-17 04:47:25
752,332,Re-engineered static model,184,2021-03-17 17:05:34,encompassing,
753,140,Managed leading edge neural-net,234,2021-03-17 08:59:06,3rd generation,2021-03-17 02:24:48
754,103,Balanced optimal success,842,2021-03-17 14:39:51,array,2021-03-17 04:00:08
755,563,Centralized incremental knowledge user,937,2021-03-17 07:15:58,architecture,
756,178,Secured web-enabled open system,160,2021-03-17 03:31:07,24/7,2021-03-17 17:08:11
757,38,Total clear-thinking challenge,904,2021-03-17 14:58:56,protocol,
758,927,Visionary 24 hour website,26,2021-03-17 12:17:26,Realigned,2021-03-17 05:35:47
759,781,Extended multi-state success,65,2021-03-17 21:49:17,multi-tasking,2021-03-17 09:15:14
760,378,Synergized clear-thinking alliance,811,2021-03-17 14:37:56,User-friendly,2021-03-17 19:00:59
761,26,Universal leading edge matrix,377,2021-03-17 17:40:27,intermediate,2021-03-17 23:24:49
762,529,Diverse impactful hardware,355,2021-03-17 14:13:10,Public-key,2021-03-17 10:19:48
763,228,Cross-platform directional conglomeration,868,2021-03-17 07:32:36,background,2021-03-17 02:52:39
764,313,Progressive context-sensitive projection,161,2021-03-17 11:30:58,zero defect,2021-03-17 09:04:10
765,101,Total national strategy,683,2021-03-17 04:05:55,cohesive,2021-03-17 12:10:51
766,198,Vision-oriented multi-tasking success,410,2021-03-17 05:03:32,superstructure,2021-03-17 17:36:11
767,806,Centralized modular open architecture,414,2021-03-17 04:02:27,process improvement,2021-03-17 10:34:07
768,963,Persevering responsive customer loyalty,535,2021-03-17 16:37:21,analyzing,2021-03-17 04:00:58
769,153,Integrated user-facing emulation,653,2021-03-17 12:15:18,Intuitive,2021-03-17 07:19:46
770,610,Synergized content-based approach,191,2021-03-17 21:40:17,Public-key,2021-03-17 18:35:10
771,708,Cross-platform client-server synergy,861,2021-03-17 01:32:26,encompassing,2021-03-17 13:07:26
772,458,De-engineered foreground contingency,359,2021-03-17 14:39:59,User-centric,2021-03-17 07:15:06
773,190,Re-engineered fresh-thinking firmware,192,2021-03-17 02:37:58,artificial intelligence,2021-03-17 01:26:58
774,307,Secured attitude-oriented archive,541,2021-03-17 01:45:49,data-warehouse,2021-03-17 19:24:55
775,20,Assimilated client-server model,670,2021-03-17 11:05:45,Re-engineered,2021-03-17 04:27:06
776,777,Ergonomic 4th generation pricing structure,588,2021-03-17 18:36:18,Business-focused,2021-03-17 13:14:38
777,499,Implemented empowering methodology,951,2021-03-17 02:20:52,analyzer,2021-03-17 21:19:21
778,119,Reactive 6th generation local area network,510,2021-03-17 06:08:14,Diverse,2021-03-17 12:00:06
779,934,Decentralized foreground alliance,426,2021-03-17 05:16:53,24/7,2021-03-17 06:32:49
780,607,Reverse-engineered national collaboration,320,2021-03-17 10:03:48,intranet,2021-03-17 08:32:17
781,84,Stand-alone scalable system engine,377,2021-03-17 08:07:10,zero defect,2021-03-17 00:02:00
782,521,Synchronised secondary product,428,2021-03-17 15:45:41,monitoring,2021-03-17 06:50:21
783,716,Digitized zero tolerance artificial intelligence,20,2021-03-17 02:13:46,disintermediate,2021-03-17 19:38:48
784,48,Front-line eco-centric moderator,39,2021-03-17 23:28:01,mobile,2021-03-17 02:43:57
785,621,Universal mission-critical standardization,597,2021-03-17 00:08:00,Digitized,2021-03-17 05:53:35
786,863,Assimilated attitude-oriented internet solution,33,2021-03-17 15:01:48,coherent,2021-03-17 11:41:38
787,844,Universal tangible knowledge base,690,2021-03-17 18:58:29,Operative,2021-03-17 22:05:41
788,387,Focused tangible open architecture,950,2021-03-17 22:20:59,6th generation,2021-03-17 01:14:13
789,971,Object-based 3rd generation workforce,457,2021-03-17 07:13:34,dynamic,2021-03-17 11:18:58
790,835,Managed hybrid application,128,2021-03-17 14:35:17,attitude-oriented,2021-03-17 11:29:14
791,704,Upgradable disintermediate core,413,2021-03-17 09:44:40,Innovative,2021-03-17 00:13:47
792,940,Re-contextualized attitude-oriented alliance,441,2021-03-17 18:53:49,encoding,2021-03-17 09:17:12
793,132,Upgradable needs-based array,615,2021-03-17 08:35:29,maximized,2021-03-17 18:33:45
794,116,Mandatory user-facing middleware,599,2021-03-17 09:50:49,upward-trending,2021-03-17 02:48:25
795,237,Distributed directional customer loyalty,426,2021-03-17 22:45:15,Multi-tiered,2021-03-17 13:12:35
796,501,Object-based explicit portal,173,2021-03-17 06:15:00,Fundamental,2021-03-17 19:25:10
797,709,Integrated fresh-thinking methodology,141,2021-03-17 11:05:12,scalable,2021-03-17 15:32:48
798,829,Progressive methodical interface,998,2021-03-17 17:27:51,Grass-roots,2021-03-17 06:04:06
799,269,Secured zero tolerance synergy,781,2021-03-17 12:08:11,data-warehouse,2021-03-17 23:38:50
800,203,Seamless leading edge throughput,806,2021-03-17 10:25:22,client-driven,2021-03-17 11:39:03
801,779,Secured system-worthy concept,371,2021-03-17 23:13:12,upward-trending,2021-03-17 03:08:59
802,854,Fundamental bandwidth-monitored archive,386,2021-03-17 03:31:54,bi-directional,2021-03-17 22:46:07
803,159,Grass-roots demand-driven methodology,599,2021-03-17 21:08:58,structure,2021-03-17 00:05:38
804,140,Seamless homogeneous middleware,3,2021-03-17 04:29:14,Optimized,2021-03-17 05:17:21
805,403,Reduced content-based portal,815,2021-03-17 05:44:08,Open-source,2021-03-17 09:37:50
806,767,De-engineered modular software,138,2021-03-17 03:41:49,intermediate,2021-03-17 14:50:40
807,273,Digitized foreground neural-net,389,2021-03-17 03:18:01,upward-trending,2021-03-17 14:47:50
808,18,Extended 3rd generation conglomeration,298,2021-03-17 11:37:35,archive,2021-03-17 09:07:54
809,951,Reverse-engineered systemic model,633,2021-03-17 00:24:59,Cloned,2021-03-17 14:32:22
810,80,Synchronised discrete hierarchy,655,2021-03-17 16:53:35,Automated,2021-03-17 06:06:56
811,18,Exclusive holistic toolset,52,2021-03-17 02:08:39,bandwidth-monitored,2021-03-17 13:27:38
812,660,Organized high-level framework,17,2021-03-17 22:20:48,process improvement,2021-03-17 06:28:12
813,783,Multi-channelled zero administration projection,425,2021-03-17 15:19:00,productivity,
814,465,Cloned intangible model,8,2021-03-17 02:49:21,complexity,2021-03-17 10:11:45
815,311,Multi-layered optimal parallelism,10,2021-03-17 01:22:33,Extended,2021-03-17 05:21:43
816,296,Adaptive system-worthy definition,506,2021-03-17 14:39:11,Digitized,2021-03-17 23:31:11
817,918,Robust explicit concept,168,2021-03-17 08:06:13,dynamic,
818,466,Cross-group exuding Graphical User Interface,602,2021-03-17 07:45:00,implementation,2021-03-17 15:20:04
819,866,Public-key intermediate focus group,159,2021-03-17 02:25:55,emulation,2021-03-17 23:34:08
820,917,Inverse regional model,165,2021-03-17 07:56:07,success,2021-03-17 15:28:03
821,475,Down-sized motivating structure,470,2021-03-17 16:18:24,frame,2021-03-17 11:37:53
822,795,Up-sized contextually-based paradigm,624,2021-03-17 19:44:06,contextually-based,2021-03-17 09:36:10
823,875,Compatible contextually-based internet solution,701,2021-03-17 12:43:13,clear-thinking,2021-03-17 11:49:35
824,285,Centralized real-time emulation,928,2021-03-17 11:42:38,portal,2021-03-17 18:33:52
825,656,Enterprise-wide mobile access,190,2021-03-17 02:50:17,User-friendly,2021-03-17 07:58:23
826,389,Grass-roots leading edge encryption,112,2021-03-17 11:28:37,Balanced,2021-03-17 01:07:48
827,679,Open-architected grid-enabled throughput,22,2021-03-17 10:24:18,architecture,2021-03-17 13:44:23
828,561,Polarised discrete knowledge base,81,2021-03-17 03:16:25,multimedia,2021-03-17 04:25:20
829,382,Realigned demand-driven implementation,774,2021-03-17 14:40:35,discrete,2021-03-17 16:32:36
830,626,Robust 6th generation framework,727,2021-03-17 12:41:11,conglomeration,2021-03-17 12:30:13
831,289,Monitored full-range projection,144,2021-03-17 20:29:20,Ergonomic,
832,942,Proactive bandwidth-monitored instruction set,951,2021-03-17 07:43:39,projection,2021-03-17 07:32:57
833,838,Cloned fresh-thinking productivity,87,2021-03-17 20:38:48,4th generation,2021-03-17 01:15:09
834,211,Streamlined systematic moderator,189,2021-03-17 06:53:45,Centralized,2021-03-17 00:24:16
835,310,Multi-layered regional conglomeration,851,2021-03-17 04:25:03,hardware,2021-03-17 09:28:42
836,42,Digitized methodical application,663,2021-03-17 20:52:55,mobile,2021-03-17 13:35:33
837,836,Function-based client-server framework,986,2021-03-17 09:32:54,Ergonomic,2021-03-17 23:05:42
838,181,Automated regional installation,194,2021-03-17 03:24:04,tertiary,2021-03-17 16:01:35
839,248,Optimized even-keeled capability,71,2021-03-17 12:15:08,Open-architected,
840,682,Cloned static knowledge user,555,2021-03-17 01:52:17,didactic,2021-03-17 13:21:34
841,883,Ergonomic stable secured line,811,2021-03-17 13:21:53,eco-centric,2021-03-17 23:06:49
842,427,Customizable disintermediate help-desk,288,2021-03-17 21:24:25,Vision-oriented,2021-03-17 18:23:47
843,136,Synergistic eco-centric capability,570,2021-03-17 04:50:41,Implemented,2021-03-17 10:22:03
844,601,Visionary coherent middleware,890,2021-03-17 05:39:15,systemic,2021-03-17 10:02:44
845,211,Object-based discrete adapter,97,2021-03-17 05:05:24,capacity,2021-03-17 20:48:26
846,788,Synergized grid-enabled intranet,274,2021-03-17 20:09:17,Team-oriented,2021-03-17 07:27:03
847,624,Extended exuding methodology,698,2021-03-17 09:21:47,systemic,2021-03-17 03:52:52
848,497,Adaptive disintermediate archive,415,2021-03-17 20:30:05,multimedia,2021-03-17 20:35:01
849,319,Reactive background synergy,441,2021-03-17 04:05:44,functionalities,2021-03-17 14:56:47
850,996,Configurable object-oriented knowledge user,830,2021-03-17 20:23:57,maximized,2021-03-17 00:03:48
851,741,Polarised multimedia paradigm,375,2021-03-17 00:18:55,matrix,2021-03-17 11:11:09
852,685,Focused holistic secured line,463,2021-03-17 22:40:18,optimizing,2021-03-17 02:06:03
853,651,Visionary non-volatile capacity,53,2021-03-17 04:28:07,moderator,2021-03-17 12:47:02
854,736,Progressive hybrid artificial intelligence,401,2021-03-17 16:44:57,discrete,2021-03-17 14:27:49
855,854,Enterprise-wide zero tolerance interface,197,2021-03-17 03:33:52,dynamic,2021-03-17 18:57:14
856,49,Function-based zero administration definition,642,2021-03-17 20:47:41,Stand-alone,2021-03-17 14:05:20
857,721,Ergonomic bandwidth-monitored initiative,165,2021-03-17 05:54:38,demand-driven,2021-03-17 18:01:57
858,999,Enhanced logistical analyzer,190,2021-03-17 23:50:44,Virtual,2021-03-17 15:05:03
859,955,Secured dynamic support,75,2021-03-17 22:04:50,alliance,2021-03-17 02:30:33
860,121,Synergized 5th generation parallelism,108,2021-03-17 19:40:47,toolset,2021-03-17 22:53:04
861,894,Seamless intermediate encryption,139,2021-03-17 05:41:50,dedicated,2021-03-17 02:12:38
862,588,Progressive upward-trending synergy,421,2021-03-17 07:45:43,methodology,2021-03-17 08:01:52
863,406,Total tertiary info-mediaries,911,2021-03-17 11:58:45,contingency,2021-03-17 10:06:37
864,927,Open-architected next generation customer loyalty,867,2021-03-17 22:19:58,pricing structure,2021-03-17 12:58:20
865,290,Multi-lateral disintermediate neural-net,599,2021-03-17 23:35:09,eco-centric,2021-03-17 22:35:11
866,405,Quality-focused eco-centric middleware,92,2021-03-17 11:13:22,instruction set,2021-03-17 21:40:46
867,803,Distributed solution-oriented definition,846,2021-03-17 23:15:25,process improvement,2021-03-17 10:42:17
868,826,Monitored global complexity,849,2021-03-17 02:30:36,context-sensitive,2021-03-17 15:22:01
869,702,Total asynchronous concept,788,2021-03-17 07:58:49,array,2021-03-17 12:59:56
870,516,Centralized dynamic secured line,676,2021-03-17 12:16:26,logistical,2021-03-17 20:09:49
871,529,Centralized responsive monitoring,570,2021-03-17 18:07:56,Intuitive,2021-03-17 15:39:32
872,118,Adaptive zero administration structure,269,2021-03-17 04:38:46,flexibility,2021-03-17 16:36:19
873,438,Secured non-volatile task-force,944,2021-03-17 22:51:51,dynamic,2021-03-17 17:04:36
874,478,Focused multi-tasking groupware,844,2021-03-17 09:55:30,asymmetric,2021-03-17 22:09:15
875,640,Assimilated eco-centric hierarchy,267,2021-03-17 21:24:20,leading edge,2021-03-17 10:08:39
876,447,Switchable motivating software,88,2021-03-17 14:45:01,user-facing,2021-03-17 16:15:34
877,455,Advanced mission-critical time-frame,10,2021-03-17 02:34:50,Progressive,2021-03-17 19:31:47
878,194,Team-oriented bandwidth-monitored complexity,134,2021-03-17 00:40:27,Balanced,2021-03-17 15:29:28
879,143,Diverse local projection,612,2021-03-17 22:51:56,installation,2021-03-17 11:56:23
880,510,Adaptive background analyzer,695,2021-03-17 08:15:45,real-time,2021-03-17 19:01:31
881,785,Progressive well-modulated framework,903,2021-03-17 08:47:44,capacity,2021-03-17 15:33:14
882,160,Reduced bi-directional migration,315,2021-03-17 13:43:46,reciprocal,
883,503,Networked logistical alliance,793,2021-03-17 17:30:17,Adaptive,2021-03-17 14:25:27
884,803,Monitored non-volatile benchmark,383,2021-03-17 20:42:50,approach,2021-03-17 14:05:18
885,35,Adaptive scalable knowledge user,214,2021-03-17 22:52:01,support,2021-03-17 03:37:00
886,693,Virtual zero administration encoding,990,2021-03-17 02:33:46,attitude-oriented,
887,665,Enhanced client-driven system engine,385,2021-03-17 17:12:00,Exclusive,2021-03-17 04:54:30
888,276,Devolved 24/7 open system,276,2021-03-17 13:48:16,success,2021-03-17 00:16:37
889,942,Multi-layered clear-thinking orchestration,978,2021-03-17 12:53:20,Front-line,2021-03-17 18:27:23
890,661,Managed next generation analyzer,943,2021-03-17 23:43:37,demand-driven,2021-03-17 16:54:45
891,404,Future-proofed disintermediate system engine,749,2021-03-17 12:56:29,Synchronised,2021-03-17 00:01:33
892,6,Right-sized logistical data-warehouse,808,2021-03-17 09:34:36,project,2021-03-17 19:51:46
893,301,Devolved responsive utilisation,164,2021-03-17 00:40:50,internet solution,2021-03-17 18:03:54
894,239,Quality-focused empowering time-frame,122,2021-03-17 05:51:39,frame,2021-03-17 18:12:20
895,480,Operative empowering solution,801,2021-03-17 21:09:23,Versatile,
896,436,Future-proofed static migration,407,2021-03-17 10:00:47,Profit-focused,2021-03-17 09:29:03
897,198,Function-based exuding solution,596,2021-03-17 16:47:08,bottom-line,2021-03-17 09:09:21
898,18,Mandatory optimizing approach,494,2021-03-17 11:09:35,contingency,2021-03-17 20:24:49
899,317,Robust content-based task-force,488,2021-03-17 15:57:07,capability,2021-03-17 13:15:07
900,545,Reactive dynamic monitoring,528,2021-03-17 13:55:06,Secured,2021-03-17 09:58:06
901,335,Persevering foreground flexibility,342,2021-03-17 10:05:16,Ameliorated,2021-03-17 06:42:20
902,139,Compatible fault-tolerant core,509,2021-03-17 16:40:38,Automated,2021-03-17 17:10:02
903,234,Focused tertiary parallelism,404,2021-03-17 14:48:06,De-engineered,2021-03-17 14:29:34
904,768,Mandatory transitional database,387,2021-03-17 23:02:40,background,2021-03-17 07:33:58
905,339,De-engineered eco-centric help-desk,603,2021-03-17 22:37:29,synergy,2021-03-17 05:51:51
906,435,Cross-platform eco-centric hierarchy,10,2021-03-17 15:35:22,toolset,2021-03-17 16:57:41
907,14,Innovative demand-driven firmware,856,2021-03-17 19:06:43,Virtual,2021-03-17 00:19:54
908,848,Face to face uniform project,419,2021-03-17 10:24:02,knowledge user,2021-03-17 21:56:34
909,587,Horizontal bifurcated structure,241,2021-03-17 22:52:25,Cross-platform,2021-03-17 18:42:13
910,998,Grass-roots optimizing moderator,155,2021-03-17 05:44:30,Devolved,
911,1000,Vision-oriented user-facing hierarchy,880,2021-03-17 16:16:31,toolset,2021-03-17 09:40:06
912,27,Organized dynamic circuit,544,2021-03-17 21:20:21,interface,2021-03-17 17:52:56
913,53,Team-oriented bandwidth-monitored Graphical User Interface,659,2021-03-17 07:28:52,Organic,2021-03-17 04:42:45
914,136,Synergized homogeneous capability,462,2021-03-17 12:28:18,Synchronised,2021-03-17 12:16:59
915,455,Adaptive grid-enabled internet solution,571,2021-03-17 08:19:38,functionalities,2021-03-17 11:22:45
916,365,Synergistic foreground success,780,2021-03-17 03:00:48,value-added,2021-03-17 23:52:31
917,834,Synergistic well-modulated architecture,611,2021-03-17 19:45:18,methodical,2021-03-17 09:49:35
918,434,Networked reciprocal throughput,562,2021-03-17 22:40:05,stable,2021-03-17 09:44:21
919,493,Phased directional initiative,547,2021-03-17 06:20:51,Graphical User Interface,2021-03-17 06:44:20
920,185,Switchable scalable support,585,2021-03-17 13:18:45,mission-critical,2021-03-17 09:16:57
921,44,Front-line tertiary firmware,172,2021-03-17 22:48:21,capacity,2021-03-17 20:40:20
922,426,Profound web-enabled alliance,434,2021-03-17 01:04:53,Universal,2021-03-17 01:55:45
923,863,Assimilated analyzing artificial intelligence,639,2021-03-17 01:42:59,attitude,2021-03-17 10:05:30
924,596,Customizable local local area network,14,2021-03-17 10:32:01,Organized,2021-03-17 11:36:36
925,179,Diverse heuristic paradigm,60,2021-03-17 14:08:06,regional,2021-03-17 14:04:43
926,715,Optimized neutral time-frame,8,2021-03-17 16:46:40,Organic,2021-03-17 01:22:01
927,201,Phased multimedia solution,437,2021-03-17 10:30:14,parallelism,2021-03-17 07:19:49
928,96,Enhanced optimizing functionalities,22,2021-03-17 01:19:34,Self-enabling,2021-03-17 16:39:16
929,367,Integrated bottom-line hardware,968,2021-03-17 13:14:49,reciprocal,2021-03-17 19:38:40
930,189,Distributed holistic matrix,531,2021-03-17 12:33:15,system-worthy,2021-03-17 12:32:34
931,470,Optimized grid-enabled array,520,2021-03-17 22:22:54,Progressive,2021-03-17 18:14:56
932,347,Horizontal contextually-based core,319,2021-03-17 12:06:41,intangible,2021-03-17 07:00:26
933,886,Horizontal logistical structure,456,2021-03-17 02:13:18,attitude-oriented,2021-03-17 22:45:35
934,330,Open-source stable intranet,837,2021-03-17 11:00:34,Customer-focused,2021-03-17 10:42:43
935,198,Optimized 3rd generation alliance,36,2021-03-17 10:17:11,Upgradable,2021-03-17 18:36:13
936,726,Reduced 24/7 moratorium,919,2021-03-17 22:40:11,3rd generation,2021-03-17 13:24:09
937,663,Innovative multimedia collaboration,396,2021-03-17 08:18:39,complexity,2021-03-17 10:08:14
938,854,Advanced interactive software,780,2021-03-17 18:43:28,Adaptive,2021-03-17 09:16:20
939,644,Pre-emptive stable local area network,671,2021-03-17 04:36:41,extranet,2021-03-17 20:49:03
940,231,Cross-group cohesive budgetary management,614,2021-03-17 17:12:27,Robust,2021-03-17 10:41:31
941,347,Multi-lateral mission-critical process improvement,364,2021-03-17 02:57:33,info-mediaries,2021-03-17 08:24:16
942,191,User-friendly dynamic approach,402,2021-03-17 22:45:24,extranet,2021-03-17 00:19:39
943,916,Streamlined dedicated customer loyalty,29,2021-03-17 11:33:09,open system,2021-03-17 13:00:04
944,952,Reverse-engineered high-level approach,663,2021-03-17 19:09:28,high-level,2021-03-17 08:01:36
945,104,Re-engineered asymmetric customer loyalty,397,2021-03-17 07:29:43,Synchronised,2021-03-17 02:23:39
946,367,Object-based object-oriented orchestration,719,2021-03-17 14:25:53,optimizing,
947,942,Advanced high-level initiative,925,2021-03-17 01:22:54,help-desk,2021-03-17 15:08:03
948,171,Balanced radical implementation,150,2021-03-17 13:42:56,implementation,
949,45,Exclusive stable model,852,2021-03-17 07:37:47,Versatile,2021-03-17 06:24:45
950,697,Cross-group 3rd generation paradigm,734,2021-03-17 20:00:44,demand-driven,2021-03-17 22:45:27
951,888,Public-key radical migration,745,2021-03-17 07:53:06,directional,2021-03-17 09:42:14
952,480,Virtual logistical open architecture,937,2021-03-17 22:21:11,radical,2021-03-17 04:59:49
953,684,Exclusive systemic instruction set,405,2021-03-17 03:00:28,Advanced,2021-03-17 20:52:56
954,873,Re-engineered explicit product,973,2021-03-17 10:38:59,Optional,2021-03-17 03:57:25
955,521,Open-source object-oriented ability,755,2021-03-17 12:03:07,directional,2021-03-17 01:55:33
956,758,Switchable static software,124,2021-03-17 14:42:25,static,2021-03-17 04:35:31
957,653,User-centric upward-trending groupware,750,2021-03-17 01:12:29,Optimized,2021-03-17 20:42:11
958,452,Profit-focused didactic analyzer,805,2021-03-17 04:07:36,De-engineered,2021-03-17 01:36:57
959,726,Synergized well-modulated standardization,216,2021-03-17 13:31:32,impactful,2021-03-17 21:51:13
960,72,Automated reciprocal circuit,258,2021-03-17 07:10:15,holistic,2021-03-17 04:51:51
961,495,Reduced directional strategy,154,2021-03-17 09:55:49,software,2021-03-17 19:52:07
962,211,Managed didactic strategy,558,2021-03-17 08:50:32,Switchable,2021-03-17 10:10:27
963,545,Exclusive homogeneous architecture,660,2021-03-17 10:13:07,paradigm,2021-03-17 14:15:36
964,581,Mandatory system-worthy model,220,2021-03-17 20:21:19,Vision-oriented,2021-03-17 21:08:50
965,533,Mandatory object-oriented hierarchy,801,2021-03-17 20:25:15,maximized,2021-03-17 14:39:50
966,890,Synergistic real-time firmware,40,2021-03-17 02:05:54,task-force,2021-03-17 09:58:10
967,469,Up-sized web-enabled conglomeration,600,2021-03-17 16:06:47,Fully-configurable,
968,461,Organized asymmetric budgetary management,808,2021-03-17 08:24:13,contingency,
969,560,Centralized human-resource utilisation,572,2021-03-17 19:28:54,Right-sized,2021-03-17 11:23:06
970,638,Triple-buffered analyzing toolset,556,2021-03-17 07:53:16,Open-source,2021-03-17 07:21:36
971,727,Upgradable 6th generation moderator,243,2021-03-17 13:34:10,Object-based,
972,255,Quality-focused didactic encoding,798,2021-03-17 12:28:38,responsive,
973,301,Optional tertiary encryption,744,2021-03-17 12:18:28,Multi-tiered,2021-03-17 00:50:33
974,721,Switchable content-based migration,499,2021-03-17 13:29:14,Compatible,2021-03-17 23:04:49
975,450,Intuitive background system engine,185,2021-03-17 03:38:32,conglomeration,2021-03-17 02:07:51
976,643,Enterprise-wide client-driven toolset,954,2021-03-17 16:47:05,Inverse,2021-03-17 13:49:53
977,328,Compatible needs-based access,93,2021-03-17 13:25:16,product,2021-03-17 09:50:46
978,257,Cross-group intangible middleware,21,2021-03-17 08:48:15,Assimilated,2021-03-17 23:05:00
979,242,Programmable real-time Graphic Interface,810,2021-03-17 06:58:03,full-range,2021-03-17 20:12:49
980,56,Cloned national frame,368,2021-03-17 07:53:20,radical,2021-03-17 00:44:03
981,300,Integrated neutral circuit,433,2021-03-17 14:27:36,flexibility,2021-03-17 22:37:06
982,242,Profit-focused composite info-mediaries,184,2021-03-17 05:16:44,mobile,
983,934,Reverse-engineered empowering infrastructure,727,2021-03-17 08:34:12,bi-directional,2021-03-17 05:34:22
984,120,User-centric directional system engine,878,2021-03-17 01:02:53,4th generation,2021-03-17 20:53:05
985,793,Switchable exuding structure,203,2021-03-17 14:04:59,bifurcated,2021-03-17 11:25:17
986,923,Future-proofed full-range data-warehouse,584,2021-03-17 03:32:39,dynamic,
987,754,Managed mobile forecast,974,2021-03-17 12:00:38,process improvement,2021-03-17 04:28:42
988,653,Balanced web-enabled superstructure,540,2021-03-17 04:46:50,Multi-channelled,2021-03-17 22:13:29
989,636,Integrated bi-directional policy,155,2021-03-17 03:18:30,time-frame,2021-03-17 18:32:11
990,989,Exclusive modular strategy,787,2021-03-17 18:07:49,service-desk,2021-03-17 06:10:17
991,84,Pre-emptive clear-thinking time-frame,111,2021-03-17 05:33:32,open system,2021-03-17 22:42:21
992,971,Reverse-engineered secondary matrices,530,2021-03-17 23:25:51,transitional,2021-03-17 23:54:14
993,789,Devolved motivating interface,465,2021-03-17 10:31:07,asynchronous,2021-03-17 18:23:47
994,83,Streamlined next generation monitoring,762,2021-03-17 02:56:39,bottom-line,
995,478,Multi-lateral 24 hour core,571,2021-03-17 11:58:59,Streamlined,2021-03-17 19:49:40
996,664,Visionary regional alliance,452,2021-03-17 12:14:41,approach,2021-03-17 11:32:02
997,25,Innovative multimedia info-mediaries,351,2021-03-17 21:18:47,encompassing,2021-03-17 17:10:50
998,529,Cross-group systemic success,438,2021-03-17 13:04:54,neutral,
999,108,Advanced context-sensitive challenge,411,2021-03-17 23:21:54,Graphical User Interface,2021-03-17 01:27:17
1000,523,Sharable optimizing hub,62,2021-03-17 14:30:53,global,2021-03-17 04:33:13
