id,email ,password,handle
1,dcriple0@buzzfeed.com,ZCeUpNAz4,Drake
2,ablankman1@ezinearticles.com,jDQPv52o,Annissa
3,mplom2@jimdo.com,20LikW,Maryrose
4,jlotte3@wix.com,YAiVz3g8,Josefina
5,hhayesman4@cargocollective.com,KJFCLveHiU,Harri
6,pmeakin5@prweb.com,5K7H5t,Pascale
7,xansty6@twitter.com,NWzPDx,Xena
8,kmillberg7@e-recht24.de,ZBW53Xz0dGT,Ketty
9,bpryell8@squidoo.com,8pQ2O1,Batholomew
10,swegman9@nbcnews.com,ukA33ANov,Steffi
11,aknollesgreena@huffingtonpost.com,IZvmP7uC,Angelique
12,wborelandb@moonfruit.com,Ga32hT5wUgWC,Wilbur
13,delvinc@nsw.gov.au,5I57nDuie,Delphine
14,jteffreyd@jalbum.net,H9aPBm,Joye
15,dgeorgeline@un.org,SkjziU1F,Danika
16,iwallworthf@salon.com,4uHEhY,Ingeborg
17,nledgleyg@google.nl,SI7MbTw9Bxh,Nicolis
18,tbartakh@earthlink.net,u5Gqzh43UaH8,Thatcher
19,eeberdti@thetimes.co.uk,D2LVsS7QI,Ediva
20,pcombej@reddit.com,dTyx4Pv1Tgp2,Perceval
21,bfillinghamk@jimdo.com,xJWbPEmh,Bronny
22,bmuzzillol@unc.edu,LEJic0X,Bridget
23,lelsworthm@stumbleupon.com,TSnr1tMqqh,Lisetta
24,kmangenotn@netlog.com,fn2PPk,Kelcy
25,dszymczyko@ycombinator.com,5gIE20ZmOg,Derek
26,ipinckstonep@hostgator.com,i6II5MUonUm,Isidoro
27,rwidocksq@dailymail.co.uk,7yvOEr,Roxanne
28,mmacaskier@samsung.com,9J5NI81,Melamie
29,bcowtherds@imdb.com,gFb0DoTo,Bram
30,cpickthornt@pbs.org,ajOgqfvZoG1,Catrina
31,lshallcrassu@pbs.org,3ifrieV9R,Latisha
32,uhardwellv@behance.net,9HjS9NMf1,Ulrich
33,boloshinw@theatlantic.com,GKWRdf5h3,Brita
34,mbirkx@bbb.org,Hqc1a55JC,Mahmoud
35,lfernelyy@shinystat.com,mAkIQhd,Lucila
36,dalhirsiz@facebook.com,lhTBHzHs,Darla
37,agready10@nih.gov,vtoMc43i,Adair
38,rhubbucks11@liveinternet.ru,OBIqbWzXTp3F,Ralph
39,zgower12@senate.gov,kA9p5geY,Zola
40,gferrai13@smugmug.com,1egpiEBOPTem,Garth
41,llecordier14@techcrunch.com,Y4ZDz9x,Livia
42,jfreezor15@auda.org.au,pMHZ2B5Nx,Jerry
43,hwoodson16@meetup.com,rSwksIUO8,Hillier
44,lgriston17@furl.net,e21VYEY,Lydon
45,rlukes18@stanford.edu,seM8jOg8he5,Rickert
46,abasinigazzi19@google.fr,OBpDEgu1,Abbot
47,cbrocklehurst1a@cbc.ca,hIEilP,Chandra
48,lsymmons1b@blinklist.com,V4NWrIc,Lorin
49,edenyukin1c@artisteer.com,oOBCAM14T5,Erna
50,gkuhlen1d@networkadvertising.org,AcVzs1h4Un8u,Gradeigh
51,tupton1e@cargocollective.com,m2dSjdjlPo,Thatcher
52,hbullock1f@ca.gov,f5fnc0KnQ,Harlin
53,cheymann1g@columbia.edu,IGmUsFQ,Clywd
54,hmirfield1h@princeton.edu,hJjUKUVab,Hagen
55,rlangshaw1i@google.com.hk,8nyxeJ,Redford
56,egrindell1j@w3.org,VbRS0vp8K,Evie
57,dfahrenbach1k@unc.edu,zv6a0QX3,Donal
58,cclubb1l@merriam-webster.com,zWYWnYDFgw,Carry
59,jbarrus1m@utexas.edu,NfdsCZbcDh5X,Judith
60,mantonoyev1n@plala.or.jp,hlxkOw5llv,Marley
61,gmaciaszczyk1o@goodreads.com,Tsk34OtR,Gussie
62,hhavill1p@google.ru,uYWWXdKQqt,Helen
63,toxenford1q@yahoo.com,IEbhDSjws,Tito
64,psidry1r@etsy.com,thacv4fZGPS,Peggi
65,mconnue1s@theatlantic.com,2VxgC6g,Modestine
66,vnorris1t@google.com.hk,lpjm9DWE,Vincents
67,aburkert1u@reddit.com,AiQYf7,Adelind
68,gborborough1v@1688.com,FISmac43b,Gonzales
69,cdowbiggin1w@digg.com,BIPcjngo,Cordi
70,fcristofor1x@cdbaby.com,8EpxURi,Felike
71,aaimer1y@geocities.jp,luo3OnLUbL,Anselma
72,rcraythorne1z@typepad.com,ry1VloMPD3D,Robb
73,pmorican20@china.com.cn,KVcmXE6,Prentice
74,ctremmel21@unicef.org,iBkSO2,Cloris
75,opratte22@loc.gov,shmrbugaEBzs,Orton
76,bisoldi23@printfriendly.com,92rD5Yfyr2v,Belvia
77,jkreuzer24@va.gov,bJaXHbqgB,Joane
78,smacgahey25@sitemeter.com,bGzxLhqDH,Selene
79,spactat26@hatena.ne.jp,OYOFYau,Sorcha
80,bmerritt27@smh.com.au,9oyuEi,Beret
81,rlemarchant28@xinhuanet.com,QfziYKUh9,Ralph
82,acharte29@nationalgeographic.com,tA1q0tHmII8,Amble
83,mroscoe2a@npr.org,H1zJ0HWPzumy,Mannie
84,dpelerin2b@apple.com,0yxfkZFkn7,Don
85,tdyte2c@eventbrite.com,xes4ymXNpfuW,Trumaine
86,fdoerling2d@t.co,UnmErtLFd,Felipa
87,dliddyard2e@google.com,jEpr3EQ,Debbie
88,mfolkerd2f@patch.com,1xz2PKxG,Margery
89,emcettrick2g@salon.com,iAvQ6oGXL,Essa
90,mtysack2h@apache.org,X7IwZm,Merrill
91,dardley2i@biglobe.ne.jp,1ZEVgla0j3,Dana
92,ptry2j@dagondesign.com,FWOwdcrJqG,Pavlov
93,stedder2k@blinklist.com,fmM3O9XX5,Sarita
94,sbroomfield2l@blogger.com,vMFTUin44,Shadow
95,bbichener2m@etsy.com,fR2jXGURP,Baillie
96,bemtage2n@mit.edu,qktQDzJ4GV9,Berta
97,gbrasted2o@yahoo.co.jp,fAjAGtF0qp,Gerri
98,hnorthcott2p@columbia.edu,wVYgttC9,Hillel
99,pbrickett2q@digg.com,gKQ50l5V,Peggy
100,brudsdell2r@ca.gov,vPXYYulUq5,Burnard
101,rrutigliano2s@liveinternet.ru,EBLK18q,Royal
102,mblackster2t@photobucket.com,DhjoDhDIkt,Margot
103,lcolbrun2u@mit.edu,o6ADlocemsx,Lilian
104,adocksey2v@1und1.de,IhECptS9,Antoine
105,wcoldtart2w@1688.com,Dxpc3kra,Weidar
106,smacdonnell2x@merriam-webster.com,fgEwe7lx8,Sarge
107,pfitzgilbert2y@npr.org,nqx9VP,Pooh
108,dkingman2z@mail.ru,Iizrl41c,Dexter
109,lcord30@nasa.gov,EWT8BUGhGF,Linet
110,wdorken31@squarespace.com,qA4e30K2w,Wynne
111,kianizzi32@mapy.cz,vtdfo8cM,Kimberli
112,lglassborow33@flavors.me,TcpAjYES318S,Lacee
113,dboarer34@jalbum.net,PJkf6J8Vh,Deb
114,cfosken35@nba.com,ybTjoF,Chariot
115,lbynold36@ovh.net,42nfvF6Zn,Loni
116,gsimeonov37@lulu.com,TqUw4mSPHk,Gerti
117,iscreach38@facebook.com,lZumsU8B,Izak
118,mfishpoole39@free.fr,xY2fZlKd30,Melisande
119,rclench3a@techcrunch.com,b4xootYBKJL,Ruthy
120,rtydeman3b@qq.com,jezx8Q,Rod
121,dfaircliff3c@php.net,Pzg5pyFm,Deb
122,brosle3d@timesonline.co.uk,LYa7Qh2wc02,Bentlee
123,lhaliburn3e@github.com,n7icmlZ,Lowe
124,kbalderston3f@seattletimes.com,4ZnvsMr4MZ,Kingston
125,maxworthy3g@myspace.com,hYIQdra16xyj,Maddi
126,gvause3h@soundcloud.com,wyOftpoV37,Grete
127,akillimister3i@alibaba.com,23NhjQQabTI,Aurel
128,cfetherstone3j@trellian.com,1uznp1H9,Cordelia
129,rmacaughtrie3k@berkeley.edu,PHDgGTqxJ9R,Ruthi
130,cpallasch3l@oakley.com,RfHhnBStpS,Conrade
131,kdowns3m@cam.ac.uk,fs77Cv0AS5E,Klara
132,pfoyston3n@narod.ru,ROEHtDOyb,Pieter
133,spython3o@edublogs.org,OeI4eEBoL1,Sheba
134,itenman3p@wsj.com,FiT21maWqRN,Idalina
135,isheringham3q@bing.com,uXy8cHGSN,Irwin
136,tcrippill3r@seesaa.net,XELEFO1vU,Trueman
137,iflewin3s@epa.gov,rdllaQLz,Ingunna
138,mwoolvett3t@blogtalkradio.com,AlyhC6Ctjq,Michel
139,sheineken3u@cyberchimps.com,d3gb7y,Shaine
140,amcaree3v@ifeng.com,xI9yn1,Ashli
141,wwhitebrook3w@mashable.com,Tf3NNNCV,Willey
142,orestieaux3x@mac.com,WTOVHY,Onfroi
143,lgartshore3y@umich.edu,AcrGAxy,Linette
144,cmcgauhy3z@patch.com,j6K9LMRQl,Clemmy
145,mbarmadier40@skype.com,gRlMCv5EnpmT,Mara
146,krawstron41@deviantart.com,vnDSVGVhtkBA,Kippy
147,beggins42@freewebs.com,pRxz9SoIlvpx,Brice
148,lmacard43@dedecms.com,Rm8ClN31i,Law
149,npennycord44@alexa.com,GUzkBaRybl,Nettle
150,dfitchen45@wiley.com,9AjbQO2Id1,Dennison
151,cianetti46@nsw.gov.au,paRl5rZ2HOL,Cooper
152,cmacenzy47@tuttocitta.it,Xbc8THwbewG,Candice
153,jmacmenemy48@youku.com,slNntkSnuA3Y,Julieta
154,bfrankiss49@google.nl,lGxElkZyT5,Barri
155,fczyz4a@biglobe.ne.jp,ONkfq7,Florrie
156,cleyband4b@java.com,oLBkB0qQ22b,Carmelita
157,tdirocca4c@comsenz.com,KMfm7pcv,Tami
158,osiddon4d@example.com,zMpjDur4H,Olenolin
159,cdamerell4e@nasa.gov,rKHiT09,Coralyn
160,ltoseland4f@mapquest.com,XHQqFFRteQMJ,Lowrance
161,ljiruch4g@prweb.com,3lHjmX14p,Lamont
162,lbelfrage4h@twitpic.com,0zsuD7ja,Lorna
163,dmassei4i@bluehost.com,D5uOkJ,Delaney
164,epryke4j@toplist.cz,y9DhCv0e,Edwina
165,cridehalgh4k@tinypic.com,OkIjNzia,Clementia
166,rsam4l@hhs.gov,cLWhLQPxeEi,Rey
167,lfritschmann4m@hao123.com,3VHMZIVs,Loreen
168,rlogan4n@army.mil,I0pk0iR9BdP0,Randall
169,scheel4o@shutterfly.com,3nAELWbn9xbB,Stormi
170,gcohrs4p@cnet.com,MqFGh3R,Grant
171,hmacneil4q@comcast.net,RnIMDfa,Henryetta
172,ateresse4r@hao123.com,ER6PjmqDJS8Q,Arabel
173,pciepluch4s@discovery.com,Wngkv6dH,Prudi
174,mwoodbridge4t@instagram.com,K2Eg90w,Mathe
175,spedrozzi4u@twitpic.com,YSFrfqC7He,Samaria
176,kbulcroft4v@purevolume.com,UoihqXikW,Kirbee
177,elimbrick4w@google.co.uk,CIP5Po,Evin
178,wranking4x@uiuc.edu,VSgHYW,Walliw
179,esillwood4y@51.la,2eHUegfl,Elisabeth
180,driglesford4z@ezinearticles.com,vtI4fLG9aur,Delmor
181,dbricham50@wufoo.com,Txb3kFxsze9B,Delinda
182,jpouton51@google.ru,2VpVhPO9Xd,Johnath
183,lboissieux52@stanford.edu,SwXuuS2Ksl,Loretta
184,ncrighton53@feedburner.com,EwT8BKn,Nathanial
185,pderges54@goo.gl,hPKM05jUEE,Pauletta
186,dmacintyre55@live.com,Lbus5sfa,Danit
187,soran56@trellian.com,qGb7SlPK,Samson
188,jfurman57@alexa.com,e7yt15QE,Jammie
189,gsantus58@diigo.com,mS4oAijcmc,Gusti
190,gmold59@huffingtonpost.com,sep3gqxxc,Gabriela
191,rwestberg5a@nbcnews.com,8HrxGK,Ross
192,kgrindlay5b@hostgator.com,4Xch8kL,Kirby
193,jfullager5c@nifty.com,SA8wVmP71CRL,Jonas
194,bfallon5d@drupal.org,Cn9fDeKfa,Brigg
195,gshakle5e@nps.gov,1b5uKh2dYVL,Gilda
196,ccaskey5f@soundcloud.com,CV5MhpswWJ9,Caz
197,dmair5g@addthis.com,0jE4udJEbK,Dennet
198,dbryceson5h@last.fm,uGrPbmPbzK,Dasha
199,lkelloway5i@bloomberg.com,I80dZA,Leora
200,lmcsporon5j@wunderground.com,zVS8zbc,Lauren
201,iarnaldi5k@adobe.com,tgerbhiN7Dc,Imogene
202,nleverett5l@omniture.com,cIJQTGlmy,Norrie
203,bsimonich5m@japanpost.jp,xojhG1s69nQL,Bertrand
204,dheaker5n@google.fr,lKnKCChskxTs,Drusie
205,fdemicoli5o@ycombinator.com,ZnqtExq5DbZ,Fara
206,wowtram5p@oracle.com,OXjZGq,Wit
207,adow5q@fastcompany.com,YCcr1N5,Arleta
208,vstapley5r@chicagotribune.com,EH23JpJMKdAy,Viviene
209,sgunby5s@wikia.com,DBF87FkYXRM,Sterne
210,rfenne5t@behance.net,BMbjScChYH5,Reyna
211,lbuncombe5u@ehow.com,VLyXPqx,Lindy
212,tlighten5v@jugem.jp,JOyyPna6l,Templeton
213,bwonham5w@icio.us,ZNdSXMceFy,Bili
214,vburleigh5x@spiegel.de,hh6UmZqdAgan,Viola
215,adoggerell5y@mozilla.com,4m7K1Ht,Araldo
216,ccud5z@goo.gl,QSz0MGil,Cassey
217,tludlom60@wp.com,Zq8nRgYBK7L,Tobi
218,mmcgarrity61@rambler.ru,8U2UIvBo7T,Moria
219,nlassell62@tripod.com,5AG1me1bTZr,Noelani
220,pleyden63@de.vu,KHu72qdyrM0,Phillipp
221,tjendricke64@wikispaces.com,hTMWy2N5A,Tildi
222,eruffey65@gravatar.com,0AKmhS0asmkJ,Emera
223,mskellorne66@imdb.com,CEb5RGC0oRBG,Mariel
224,edufour67@cnet.com,y2vKnI6k1aT,Evita
225,lfoxwell68@digg.com,5oJVdcVcs,Lindy
226,tbrimmell69@dmoz.org,lyKX8MJcB,Tarrah
227,sewbach6a@flavors.me,CMWNdPb,Sigmund
228,kwarters6b@newyorker.com,Pb2DsaX,Kingsly
229,ccanero6c@oakley.com,G4Ng6VA,Conny
230,lyanyshev6d@smugmug.com,DjwmCTZ,Ly
231,cmalarkey6e@miitbeian.gov.cn,vVo63jEss,Charla
232,ewoolager6f@irs.gov,cycVkg8St1,Engracia
233,fbickardike6g@hostgator.com,jdgwGPyeQvQN,Frank
234,alonglands6h@lulu.com,tahfXoe8,Angele
235,rcastles6i@mit.edu,mz6WVFG3VPep,Ray
236,tmatveichev6j@tinyurl.com,Jd0F3e,Toiboid
237,tortell6k@yellowpages.com,nsvmid,Tanney
238,csprowle6l@businessweek.com,w0e8Xg,Chryste
239,grenols6m@myspace.com,gm7QlGeXSkLT,Genia
240,kdrife6n@toplist.cz,toTdcvTnWwAT,Kimberli
241,nburless6o@hostgator.com,I20utw8Idn8z,Nataline
242,mproger6p@thetimes.co.uk,O43N8CMOo9,Myrta
243,dmcquaide6q@wp.com,uDUDMbO27hJ,Duffie
244,arushford6r@macromedia.com,sejrqytBKv,Ailis
245,ccleeve6s@newsvine.com,tHaKaIWlq,Corney
246,dtimmens6t@economist.com,sHiBIqr5D,Dimitry
247,jcorain6u@arizona.edu,AS1FdWR5Fws,Jeremy
248,pkidstoun6v@usatoday.com,v5vsnVrB,Philippe
249,stregona6w@tinypic.com,vUC53VeDcq6,Seka
250,lgrimditch6x@issuu.com,rEZXAgk,Laverne
251,mcow6y@de.vu,tqbQxQZl,Minor
252,pfancutt6z@ftc.gov,NM2kzyC,Philip
253,gstrafford70@sfgate.com,jQUIiXrp9nXB,Gus
254,rtook71@baidu.com,dHwbh52,Rivalee
255,ggarett72@moonfruit.com,tR2edgG,Gradey
256,cbettleson73@multiply.com,OG9aP6q,Carolus
257,gvaines74@ucsd.edu,b1zWHgyqUa,Gerri
258,mdelaci75@telegraph.co.uk,3ADrE77,Mariann
259,ateodoro76@imgur.com,wYEQiFT22t,Alexandra
260,gtimmens77@geocities.jp,m9AwjXxLe0HR,Gaultiero
261,klanigan78@joomla.org,XxQRG5fu,Kingsly
262,relbourne79@goo.gl,qaGGVB5tSKYU,Ramona
263,smalyj7a@alibaba.com,au36DCD,Staford
264,abaston7b@tiny.cc,MeGtegnVV7UF,Abbot
265,sdash7c@webeden.co.uk,dzusQF2,Son
266,ckellar7d@usatoday.com,TcmfWGl,Cinnamon
267,kquinby7e@zdnet.com,HKNV29CD,Kira
268,rstetson7f@pen.io,RcBPYB,Ronny
269,dfairbairn7g@artisteer.com,lqtK344IDDcq,Devlen
270,svasnev7h@nhs.uk,7lbMFlYC,Seymour
271,csancias7i@soundcloud.com,ofuaRJAxrYzC,Caye
272,rsterry7j@last.fm,4v5Z8ng,Roddy
273,ambarron7k@cocolog-nifty.com,J6fINBM,Arne
274,cwisson7l@gizmodo.com,mnE7YI5Lkd,Carol
275,ebonsey7m@salon.com,3iUUowTRu3N,Elladine
276,egouth7n@qq.com,HDT60e0LHERk,Evy
277,kgornal7o@bandcamp.com,jh0rGn5,Kessia
278,rgreatland7p@hc360.com,18VC9bboxW,Ruddy
279,wmonnery7q@biblegateway.com,XUvmlR7bs4,Waly
280,lranns7r@china.com.cn,JH0rZd11R9,Lanny
281,chugill7s@seattletimes.com,QC4TNw,Chery
282,hsommersett7t@goo.ne.jp,AgqpOEuHU,Hermione
283,rammer7u@nydailynews.com,uc6Rj87UY,Reinhold
284,jdegouy7v@umich.edu,xE2sqreOk9a,Jereme
285,fabberley7w@gov.uk,laQyv267qA,Fifi
286,btuckie7x@pagesperso-orange.fr,46NoGAfP,Blithe
287,gpuxley7y@slideshare.net,lQwXyZ5TX58o,Golda
288,vraddenbury7z@yahoo.co.jp,8Xl9niKU1Fds,Violante
289,gmillsom80@google.com.br,tIRHNFXohH,Gayle
290,matherley81@hatena.ne.jp,wLZElAv5s6,Mariann
291,rvoisey82@istockphoto.com,Mmmb2uKC7,Robena
292,dmillgate83@sun.com,BNTJzR,Dalis
293,jleedal84@shop-pro.jp,7RFyFGv,Jacquenette
294,dcasone85@blogspot.com,9OXeVKLanp,Darcy
295,lheaviside86@washington.edu,JDNYnnf,Laverna
296,tmunford87@linkedin.com,un5arEa,Torey
297,erollings88@domainmarket.com,ZrlDK2WWm1ST,Elisha
298,kbeynon89@com.com,GB7ZpK3ZL,Kristen
299,dthebe8a@va.gov,SSKtF7di,Dyann
300,gboriston8b@theglobeandmail.com,5AYXC3,Gaile
301,dtreadgall8c@epa.gov,i96tc2,Dominica
302,colivari8d@over-blog.com,B9Vr7O,Clarita
303,bgounel8e@yellowbook.com,0Y9imNA,Bridie
304,gcaherny8f@pagesperso-orange.fr,UR5rF8b,Gal
305,cmusso8g@constantcontact.com,HASXzFCN,Carly
306,ldownse8h@usgs.gov,XUsaXsN,Lizzy
307,sjames8i@ihg.com,UW29iQ9B4g,Sumner
308,hjensen8j@blogtalkradio.com,qbZ99TDauT,Hermann
309,mboschmann8k@bing.com,pv1Nqon5,Modestine
310,bferrero8l@phoca.cz,E7IwRq,Bondie
311,gmcmahon8m@1688.com,FXSqVL3BP4,Gena
312,sorbon8n@chicagotribune.com,6HenAtdwM,Stoddard
313,rupshall8o@is.gd,SFKqo9Up,Randy
314,sbirks8p@discuz.net,wdCJY2l5M,Susette
315,clodden8q@mac.com,Pz8lPJ4xiZ,Christopher
316,amervyn8r@senate.gov,qXUJjblQ,Alina
317,cfurzey8s@lulu.com,uwW4o1AitY,Catriona
318,lhelgass8t@uiuc.edu,Nvdkg4gywfvI,Lucretia
319,mmeak8u@jugem.jp,WI9Vp9Z,Mirilla
320,mshakelade8v@usgs.gov,mOV0KPV,Malissa
321,ldjurdjevic8w@usa.gov,qW25zI,Lee
322,mrockall8x@geocities.jp,JCTwKr7,Margaretta
323,rsumpton8y@who.int,aEwRscY87P,Rowena
324,ndominick8z@amazonaws.com,CUeXTt,Nessi
325,tohms90@google.ru,7HyIesUs,Toma
326,dmasarrat91@howstuffworks.com,l8N5bP7g3MiR,Derk
327,kpareman92@ucla.edu,suWFoC4,Kath
328,aaccum93@cdc.gov,p8gpDgy,Andra
329,jallsop94@princeton.edu,yLJ1Zyul,Jeno
330,bpicopp95@utexas.edu,QHBazjpZ,Bambie
331,lblindmann96@canalblog.com,1eU7BD9I,Larine
332,oconstantinou97@chron.com,duoYS8h,Odey
333,ebransby98@cam.ac.uk,8sVcvh,Emerson
334,ctysack99@linkedin.com,qlKbDK,Chase
335,jclynter9a@yelp.com,0466vckc65,Jarred
336,dlundon9b@usda.gov,GD2rDEJ3b0ZT,Dionysus
337,canselmi9c@amazon.co.jp,IsOP2lak3A,Cathy
338,tchanning9d@istockphoto.com,We86vt,Traci
339,aborles9e@opensource.org,rcMEtZDoNJ5,Ariel
340,tlehrian9f@blogger.com,ehuIpLDOY1,Tynan
341,sgarrison9g@army.mil,Lgprk93Q,Susy
342,asymers9h@yahoo.com,7LGp3M6,Adrienne
343,ekettel9i@woothemes.com,CA4pDVYxmMi,Evin
344,lpehrsson9j@fotki.com,7DLRTXgLLW,Laverne
345,vbourgour9k@hhs.gov,OCme2Z149oVN,Vidovik
346,mcaig9l@ft.com,5HrSey0TLOxB,Merrie
347,cgosland9m@blog.com,xkCQXM,Christos
348,mhammatt9n@vkontakte.ru,PG0OUgHghVl,Milissent
349,tgiddons9o@cafepress.com,X07l8XrNltx,Tracey
350,rcolman9p@thetimes.co.uk,6an4buc7,Rosamund
351,jgerbl9q@hc360.com,u4EtLrf8,Juliane
352,fbagguley9r@bing.com,7Am9fz,Fayre
353,thannay9s@com.com,y7hQh2YJERU,Thaine
354,dhaggis9t@bloglines.com,clswRT7YaZ,Debora
355,astapleford9u@msu.edu,d8OKYBCe0,Ari
356,leaglen9v@xrea.com,RYuEHsfmP,Luise
357,cjecks9w@jugem.jp,zSvYR5,Charisse
358,cdunn9x@linkedin.com,jxU0NwcY,Carmel
359,escade9y@webmd.com,UzNccg5U2,Ermina
360,blongley9z@harvard.edu,QraqzZ2gEDS,Barbi
361,ipurkinsa0@simplemachines.org,8G9qCh5Rr5hu,Isidro
362,fvospera1@constantcontact.com,J04N5A,Francisco
363,mhanburrya2@oakley.com,DAnn2N,Madalyn
364,jlabusquierea3@arstechnica.com,giXq6lGQ0HXU,Jean
365,kabrya4@disqus.com,U6bLlfIPkv,Kaylyn
366,ddurbera5@rambler.ru,oQfUhp,Duffy
367,jshoobridgea6@webeden.co.uk,7uIpgsF,Jarrad
368,rdortona7@topsy.com,gx5eOy,Renaud
369,bgrillsa8@google.co.jp,s75ihM,Berkly
370,apedricka9@hud.gov,AT9NXcHQ0u,Ariela
371,dpinneyaa@nydailynews.com,N4YlPYR,Dorri
372,achatanab@gravatar.com,WuOVtxpk7Xrb,Aaron
373,abeabyac@apache.org,9IuN9JE8B,Al
374,hrussiad@bing.com,ylpcb1,Haley
375,bhavickae@google.cn,e37oZwvZKv,Bryn
376,smortimeraf@marriott.com,UdJE6Lir08y,Sayers
377,marnallag@google.co.uk,HdYqBKM9j,Marthe
378,chuntingah@patch.com,7zHLvXG,Corinna
379,fnaileai@tripadvisor.com,sPgtNGS,Felicle
380,tcollingworthaj@washingtonpost.com,BCiNXdy,Tobey
381,nmccahillak@tripadvisor.com,iGgQaMxktFgf,Natty
382,bguinnaneal@adobe.com,qPmBYk4JwdE,Bibby
383,kaptedam@goodreads.com,FW2qf9,Kurt
384,kskallyan@cdbaby.com,sGD9TUJ,Kellen
385,gingilsonao@ask.com,ELo2T3l2i,Gabriellia
386,jcaddyap@youtu.be,Z7FS1rtYVqam,Jamal
387,rneilusaq@java.com,9YmNzxTm,Redd
388,astapleyar@nymag.com,XKVBXQSuSmxt,Ansell
389,magottas@redcross.org,85qMrEIoHe,Mersey
390,rcallardat@godaddy.com,HDSqSPVkp8,Ruby
391,laskieau@bloglovin.com,RN7U9osU9W,Leann
392,nkissickav@cbsnews.com,PRn6aG6,Nikolaos
393,mtuddallaw@va.gov,ooEN3mfBbiyp,Marc
394,cdoumicax@bloglines.com,UJWNvZsp,Charita
395,randreaay@g.co,4HQ6POLO8k4,Roth
396,xboostaz@ask.com,mhdJ1gj7DHmX,Ximenes
397,grhodesb0@tamu.edu,gS9sFZ6veO,Goldie
398,hreingerb1@naver.com,MxIvpbqA1,Harvey
399,bcalderb2@mlb.com,9DTH99Aal,Barron
400,rbenittib3@sourceforge.net,TRqw2yJcT1r,Rickard
401,gsiemensb4@cyberchimps.com,VBQsonx,Gallard
402,mjackwaysb5@eepurl.com,aiq4SjFAFv,Moises
403,nbezleyb6@tumblr.com,5KhNf916U2,Norrie
404,dblevinb7@europa.eu,XWLb84Mw4QI,Deeyn
405,kmaywoodb8@blinklist.com,B0ruT31sn88,Kristo
406,dknewstubb9@163.com,nW667SfwYuZo,Dorene
407,ystclairba@paypal.com,OonzCfz4a,Yehudi
408,emellorbb@state.gov,HDH4NvycOI,Enrico
409,jmcgiffbc@howstuffworks.com,o6doaVurX,Jere
410,dtatambd@blog.com,UKG6U6qp,Dosi
411,eblackledgebe@gov.uk,AzNmBk,Else
412,mbowfinbf@scribd.com,bNYSsCTXH,Malissia
413,hdeferrarisbg@latimes.com,CCzFZa1qn,Hort
414,lbeestonbh@amazon.de,P8Gnvxt,Lilah
415,awilemanbi@fotki.com,2B0XO84uHXK,Ann-marie
416,hsharrierbj@accuweather.com,CabfFBa,Hadria
417,rdelahuntybk@prweb.com,i6zsKSJHS,Roderich
418,ndelatremoillebl@merriam-webster.com,mO4TS0m,Nerte
419,bfrusherbm@sfgate.com,DKHNxcNker9,Baryram
420,kdefilippisbn@boston.com,cPt2VN,Kassandra
421,fattackbo@php.net,G4eYWUz47aG,Fionna
422,rgreggbp@seattletimes.com,DF6RhAWRK2bO,Reece
423,mashdownbq@archive.org,pq6HV1s,Marcela
424,clunobr@wsj.com,z39vieqR,Celka
425,bfanningbs@upenn.edu,29liyD,Bernadene
426,rpirellibt@java.com,AWkUg8ciytWH,Rosa
427,rfaragherbu@vistaprint.com,0Ebp2lS4,Roderigo
428,eszepebv@discovery.com,caCNrTk,Egor
429,aleprevostbw@paginegialle.it,BYcAaWuK,Ario
430,epaddisonbx@macromedia.com,F2jaH0KjJmI,Eunice
431,lcadallederby@nsw.gov.au,HEkArLoaw,Leonerd
432,mbeynknbz@mediafire.com,pcaonZEPTus,Morlee
433,hsheahanc0@t.co,TIu45rDyIx4,Humberto
434,cbalharryc1@prlog.org,K1kMESCNBn3,Cary
435,ohanburyc2@ibm.com,Bhg4uRTPZCfP,Olag
436,fnaylorc3@youtu.be,WSF110EDw,Franky
437,sivinsc4@diigo.com,5hf6U6O3f6e6,Shawn
438,awrassellc5@over-blog.com,zj4Kdyr0ym,Avigdor
439,acorranc6@lycos.com,i5tvxIZSOL3U,Angeline
440,gglasebrookc7@bbb.org,ZVSCFoCR7,Gualterio
441,cswindleyc8@flavors.me,zPoZbBiW0h9,Cherida
442,ualenichicovc9@symantec.com,WgtEc8,Ulla
443,mkindeca@dyndns.org,PiKsJKhDv,Modestine
444,csudddardcb@eepurl.com,hrKAZuC2uqda,Cirstoforo
445,wtookecc@wikia.com,smTIvi,Willyt
446,wtuleycd@paginegialle.it,iPGefwRl,Winnah
447,gscadingce@tuttocitta.it,jaGb0SREG,Giustino
448,tcarresscf@sciencedirect.com,H9PWHn,Taddeo
449,bsumpnercg@time.com,HN1wnY010Qrl,Beatrice
450,imattiassich@buzzfeed.com,lDXFE99BB,Idell
451,dkubicaci@engadget.com,wN0Z4O9I,Dallas
452,bcordycj@technorati.com,Whx4sk4Td0zh,Bogey
453,rnormavellck@cbsnews.com,ECYqO2,Robinson
454,pjahancl@google.nl,EdCwLl,Page
455,hbarenskicm@mediafire.com,hA6bAmEvoke,Halsy
456,hcarrencn@harvard.edu,v0h6piCjZB1L,Harvey
457,amarringtonco@army.mil,vWQgUuYEe,Addison
458,myearnecp@purevolume.com,mq4B2s,Maribel
459,sweardencq@google.fr,clGtkfxB3GG,Sandor
460,ggianotticr@elegantthemes.com,e1RLSqAK9WCO,Granny
461,hwildencs@ameblo.jp,uUHkRlQ,Helaina
462,mpeggremct@hp.com,wRkEqF8Z,Mervin
463,anaerupcu@baidu.com,1BWaWCZLO,Agnesse
464,tsabaticv@plala.or.jp,XTndIKSGVB7C,Torrence
465,jkindoncw@t.co,cQiZNJvqKS,Jarred
466,xbockmancx@dell.com,ow8456W,Xaviera
467,snandcy@xinhuanet.com,tJo3ets,Sherilyn
468,aquirkcz@acquirethisname.com,VWsUBKSIGw,Almeria
469,ohancoxd0@infoseek.co.jp,m2W4COGp,Obadias
470,gmaboned1@qq.com,6Q3R9tha,Gray
471,jrobelowd2@theguardian.com,vqF6qqQgPx,Jennica
472,hpointsd3@springer.com,vU6HYqRuOs,Harcourt
473,ltedorenkod4@linkedin.com,ONTiz1Kgg2h,Lukas
474,oscarffd5@bandcamp.com,puK295ld,Orella
475,rjallandd6@wikipedia.org,ql4sBmu3,Rakel
476,dgrassd7@marketwatch.com,oHj6DMtabHP,Derk
477,etynand8@yolasite.com,rtewL9j,Eward
478,lstathersd9@nature.com,vCfXBrI,Lucien
479,kprobyda@twitpic.com,7zD8c4zg,Klara
480,hdennettdb@blogtalkradio.com,2rKiRyXG,Hughie
481,pmountfortdc@eventbrite.com,aFFtEbIHg,Paddy
482,nfyshdd@usda.gov,dzdLLC8wh,Nicoli
483,cbrobeckde@odnoklassniki.ru,LRoHwTi,Cortney
484,maizikowitzdf@cpanel.net,T4rSc8C,Melonie
485,bcowledg@exblog.jp,wQHQxU,Beverie
486,kwicksdh@1und1.de,Fr6fGAySdg3w,Kim
487,zcoleirodi@weebly.com,O9URGX0,Zeke
488,egreensmithdj@google.com.br,hysPUo0GA,Emogene
489,selletsondk@admin.ch,C1iTCD,Shellysheldon
490,staftdl@mac.com,yi2QqgQTf2vP,Shaine
491,gbuglerdm@businessweek.com,0dZXbDWk,Garvy
492,chunstondn@51.la,z1s7RuDiRsCF,Carey
493,cvauxdo@wp.com,nFejivvCbZN0,Clarance
494,mlodovichidp@cargocollective.com,up8cnk6tKKcl,Myrlene
495,kwalthalldq@surveymonkey.com,YA14UA,Katya
496,lbernondr@icio.us,1UDaQnY6,Lemmie
497,swalteringds@ihg.com,cO94jn,Sue
498,ljamarydt@mit.edu,zrxmePE78,Lena
499,ljewittdu@yale.edu,e2CgJodNSKzq,Lyssa
500,sbelcherdv@unblog.fr,t3Syl4HXMy,Sinclair
501,dgroomebridgedw@google.ca,TU3Urgwc,Dennie
502,fdelascidx@reference.com,77nIyPEniOPP,Fonsie
503,kharderndy@mashable.com,gcTyVUFn,Kellsie
504,estickingsdz@com.com,A5WXsWO,Erick
505,ehastlere0@youtube.com,64tEhU1XJil,Elmo
506,hchagge1@hao123.com,rGAIpoR8Vs,Harrietta
507,sbettertone2@earthlink.net,86kEiIk,Steffen
508,rsandere3@ihg.com,strWvXydf6U,Rhiamon
509,cduigane4@freewebs.com,6YRnLi73,Carlin
510,cmaffionie5@cnbc.com,I9jY9DgA,Conchita
511,aolpine6@accuweather.com,TU0CHbBo43K,Aleen
512,smusslewhitee7@zimbio.com,GU9TDrHP,Staffard
513,hmingamee8@mapquest.com,1LQtXAVrT1,Hannah
514,cortelte9@google.com,pnSUZij18UL,Chloette
515,ksimonettoea@spotify.com,JsSJ7a,Konstanze
516,abenniteb@nationalgeographic.com,6QJ4cCe,Alfie
517,bbennetec@hexun.com,v6c1Sjene,Bevon
518,charriganed@gmpg.org,90ZVq2acGgg4,Cristian
519,jconstantee@imageshack.us,UxwPgJSs5v5D,Johnathon
520,jmuzzilloef@mlb.com,Xp8oKSrLhopE,Johnathan
521,cqualtrougheg@sogou.com,JFlSHkuzIVYG,Cary
522,rpadulaeh@networkadvertising.org,431j9LpDo34,Rik
523,ewhitloeei@hibu.com,etKr168u3,Emanuel
524,mprattej@zimbio.com,2HDQt2Xx25eJ,Margot
525,bbertelsenek@ow.ly,jVIVXjS12,Bradney
526,tnewbattel@cloudflare.com,873g2N,Terrie
527,iattrideem@washingtonpost.com,21037CZAKQ,Itch
528,cdugoen@whitehouse.gov,pPQMjWB,Christan
529,mmattsoneo@techcrunch.com,Fe2Nnmf6Ybu,Marysa
530,gboateep@upenn.edu,ykvG6hVC,Grange
531,ezanassieq@senate.gov,8NtJLmZ7UV1,Ester
532,mlomaser@slideshare.net,RSgme3LP9Im,Meta
533,jaberchirderes@joomla.org,njQZ7kkJ,Jody
534,hscargleet@tripadvisor.com,qqNhei4BcCj,Homere
535,cmomeryeu@kickstarter.com,e2dOz4mqx,Candace
536,aelgarev@livejournal.com,MeUVqq2X7,Arne
537,mnorringtonew@meetup.com,ccp3Pe,Merline
538,mradenex@furl.net,iHkDNu,Mala
539,bcattelley@themeforest.net,rlp1Gqyp,Brandyn
540,sbodimeadeez@free.fr,8eAZ61QFJ,Smitty
541,agathererf0@fastcompany.com,zoHfDoOh,Austina
542,wbabarf1@bigcartel.com,dz7ASCv0,Winifield
543,rbuchettf2@tumblr.com,KSnNZ5C,Richmond
544,apinchingf3@census.gov,gJDf9L,Abbey
545,ebrunigesf4@woothemes.com,PU1L7S,Edd
546,dbernardeschif5@sphinn.com,y03LstY,Dolph
547,awilcockesf6@google.com,sGyPmLSxN,Avis
548,atunnof7@soup.io,4UQaLHm,Annabela
549,dlambotf8@technorati.com,M2z7omEYl,Don
550,bvelasquezf9@webnode.com,6OcQpjm8gmH,Binni
551,sbrigmanfa@woothemes.com,5IBpl3aeX98u,Sofie
552,adewenfb@statcounter.com,9ktKYT8,Aliza
553,jgoodlettfc@last.fm,u7WOlSsTnKoG,Jasper
554,llindenboimfd@bloomberg.com,YTcoYi,Lorrie
555,sgrindleyfe@skyrock.com,4CAtzL8,Sylvan
556,egambleff@cyberchimps.com,8rHYzVq,Esdras
557,kscrippsfg@dell.com,eBrxaOGWgr,Kim
558,bthemlfh@unicef.org,JYFoCp,Barny
559,tstitfallfi@who.int,jNPlEggd,Tiertza
560,vpiersefj@bluehost.com,9LJRUzUsZ,Vic
561,dlashleyfk@salon.com,jkUQ7Fnstjx,Davidson
562,zdorkenfl@tuttocitta.it,5Eci1Upmf,Zebulen
563,jcroixfm@alibaba.com,T89dyg,Johann
564,aromaintfn@ovh.net,en6U3y,Audrye
565,achivrallfo@sourceforge.net,yc7EJK1P,Ariel
566,zmcnuttfp@geocities.jp,iNpNrisj7,Zorine
567,fcleetonfq@discuz.net,MJIbl4PYTWL,Faustina
568,rkearleyfr@ocn.ne.jp,x2Clfxk427,Rochell
569,bshaulfs@sitemeter.com,sxjzRgnu,Bing
570,tdavydochft@msn.com,65vIxp,Tasha
571,rqueyeirofu@sciencedirect.com,pymRVe,Reginauld
572,ieskriggefv@privacy.gov.au,kAwaZ6D59XSv,Ingar
573,rpeasbyfw@upenn.edu,KWdbSpz0YT,Raphaela
574,rpitneyfx@nifty.com,L1E3eJs,Rafaelia
575,lrycefy@tmall.com,WcPMCMJLieR,Lefty
576,adarcyfz@newyorker.com,RC1Zc1XRo,Ara
577,karnaudotg0@eepurl.com,3QgH8oATo2D,Katharine
578,tscamerdeng1@is.gd,JlY1IVt2UvM7,Tamarra
579,cfetherstang2@i2i.jp,SnLi4kY,Caresse
580,nconstantinoug3@wsj.com,l26rgt8Z,Nanon
581,mmeadeng4@yolasite.com,5E6tXL5E,Maxim
582,psprouleg5@rakuten.co.jp,zT8aGG,Parry
583,jsiselandg6@multiply.com,nK6aaxv5zE,Jo-anne
584,bfydog7@msu.edu,X40TFSDnEiK,Blythe
585,lsheafg8@walmart.com,qkVMEW49Vzv,La verne
586,eghilardig9@canalblog.com,SX43RB6WMd,Ellene
587,rlunaga@squarespace.com,nqZ5ewvin,Ronny
588,gwallsgb@usatoday.com,hCJJHD,Garey
589,hdegoeygc@usda.gov,7U8G9xfURg99,Hershel
590,hfenelongd@amazon.co.uk,S7sXidx6A,Hedi
591,gstclairge@unicef.org,8UkV4wOW,Giustina
592,mdorkinggf@storify.com,goE44SDK5,Melli
593,mlabetgg@foxnews.com,njbnsHcBkl,Morgan
594,shawkswellgh@wordpress.com,mUEaextEe,Sharai
595,dhaddestongi@exblog.jp,vKjxSjkpQG,Dora
596,rkennicottgj@java.com,Q8MMq3KN9Ni,Rusty
597,zlangthorngk@blinklist.com,yLfqpCyo,Zarah
598,mkordasgl@wikispaces.com,qC25LHuWpA,Mikey
599,rbaudrygm@statcounter.com,UMIFZc,Rochester
600,jmoultriegn@merriam-webster.com,nOp2hvm5CuB,Johnna
601,nhabbijamgo@vinaora.com,j7U2XWca,Noll
602,pbrandligp@biglobe.ne.jp,1O4tbxYi,Patten
603,qgrovesgq@google.co.uk,pjEQfu4E,Quinn
604,wcamusgr@tinyurl.com,MCuCKb,Wolfgang
605,fbenitgs@sfgate.com,okGmQMStTdw,Floyd
606,lgolleygt@mediafire.com,W3Er1m,Lani
607,amcgreaygu@soundcloud.com,25jQ1V6Txai3,Alaster
608,sjuaragv@cbc.ca,cFtEnN,Sonni
609,ckubelkagw@earthlink.net,AnCT5msmBPA,Carine
610,imasdengx@usda.gov,ckG6IrGzJXdL,Ilario
611,mogggy@google.es,NJGpdaj1,Melvyn
612,lscarthgz@nature.com,QkwSu9bJr,Lucita
613,cbrushneenh0@csmonitor.com,ayXOIU,Carmita
614,cbreakspearh1@newyorker.com,t8vxKh,Chlo
615,cdumberrillh2@bravesites.com,WkV9TtOCdVw,Cornell
616,abrawsonh3@hugedomains.com,lxOCLesGSYw3,Antoine
617,plashamh4@ustream.tv,VPbsBhW6U84,Philly
618,kbaumfordh5@eepurl.com,PPDOsGW2,Katie
619,cecclesallh6@amazon.co.jp,ACuvGdRU5Qa,Chiarra
620,achaneyh7@sina.com.cn,mrsLwO3,Ardene
621,kbirtwellh8@guardian.co.uk,NUVGah2JuI7T,Karlan
622,kfinlatorh9@wix.com,iYDXgv9wd,Kelci
623,kpakesha@twitter.com,gNq7Y91,Kristian
624,wtomasinihb@yellowpages.com,vn45j22lU3,Waiter
625,cstrainhc@virginia.edu,avwJqGy,Carlo
626,tenrighthd@intel.com,OVIluJ,Theresa
627,aabbotshe@dot.gov,VGQHSFP52gl,Alessandro
628,apittendreighhf@sfgate.com,gvHA8y91ZoO4,Adore
629,ldowntonhg@people.com.cn,0oXQrJVoED,Lyndsey
630,gtomankiewiczhh@va.gov,QfchqK,Gwenny
631,ptaplowhi@utexas.edu,7tgvTspNS,Padraig
632,bfranschinihj@bloglines.com,UdvBIbd,Bank
633,ebennenhk@hatena.ne.jp,XVtutOsZY,Elisa
634,astoodhl@latimes.com,CfPscyEe,Adlai
635,jbeentjeshm@ox.ac.uk,l6Eg3J6Ah,Jacqui
636,dmittonhn@infoseek.co.jp,iraSXE3d,Dukie
637,iballingalho@home.pl,SQridGajbq,Ivonne
638,aostrichhp@microsoft.com,xg4MwkV,Alphard
639,fbilfoothq@hud.gov,Fua22D,Filberto
640,mparryhr@purevolume.com,61R5hMIf,Mervin
641,mpayneshs@timesonline.co.uk,8YdoJWAFA,Melinda
642,byellowleyht@squarespace.com,OQ9o0XNOXwoT,Brodie
643,kclynehu@xrea.com,CbJXbd,Krystyna
644,dlorainhv@xing.com,Qh9FuGTp8TB6,Dasya
645,bgerardihw@marketwatch.com,2681SGxTv,Benny
646,ntravershx@pcworld.com,P1g8U92MY,Nehemiah
647,rdolehy@goo.ne.jp,ZG9MjnzZksSU,Rosalinda
648,cmiskenhz@amazon.de,wgTTap,Chery
649,cizati0@cbsnews.com,mdVbKIeX,Casey
650,eandrellii1@house.gov,4M2Utob4dr66,Erny
651,fmcilvaneyi2@facebook.com,jzrb7X7zzHM,Farrah
652,rbelchamberi3@earthlink.net,x7Qr6KyfyN,Raddy
653,davanni4@mlb.com,QsNMdc,Dion
654,vbazochei5@wiley.com,kWfuKFw2as0,Vanni
655,nbritoi6@fastcompany.com,Dj911fkP,Nathan
656,taddeycotti7@fema.gov,TUBr3o,Tildi
657,erederi8@amazonaws.com,NstXyxag9gG,Ezequiel
658,fthomeni9@wufoo.com,7tGqt12D,Fields
659,kkopsia@fotki.com,la60buL,Ky
660,rlacyib@issuu.com,0wD7HEa,Rey
661,ajanuszkiewiczic@artisteer.com,S8Vi2Ph1,Arther
662,dskahillid@google.fr,kv1VNZSbYpL,Danit
663,rcotterillie@rakuten.co.jp,9QXspFw,Robinson
664,nnormandif@wired.com,RISJvs,Nikolia
665,hsuttillig@engadget.com,zgTmGjxbict,Hali
666,wadanetih@npr.org,I9fUld,Warde
667,lmatveichevii@state.tx.us,oH4qtmIiTe8,Louie
668,amadgettij@accuweather.com,ZTdcNQ,Audra
669,btidbaldik@google.it,wOBYqfQb,Bianca
670,shabinil@weibo.com,AS19jNmUfu1,Shayna
671,fblondellim@zimbio.com,1ZLjRObet41S,Francis
672,elavignein@marriott.com,hpjevRq,Emmey
673,gtwigginsio@yale.edu,YBKLKIqU,Glynda
674,jplanteip@businessinsider.com,cLIBHGoM,Jacquenette
675,lcoppingiq@census.gov,CDLkJuLU,Lenna
676,laustingir@uiuc.edu,9AAURTdEN6m,Lydon
677,rforsdikeis@macromedia.com,tmEEo9,Randell
678,kscuttit@rakuten.co.jp,jpO8vzvLPT,Keenan
679,clapreeiu@ucoz.ru,zdNuAEpYgnr,Celene
680,mleiferiv@boston.com,sARWnYu,Meggy
681,ddanielovitchiw@mapquest.com,cgSV2qfq,Drusilla
682,odurrandix@prweb.com,9cXszfeHbVDy,Oona
683,gmaughaniy@msu.edu,YxtGnbHt6SLg,Giff
684,rsimmoniz@ibm.com,d7V7YuR,Roddie
685,akennefordj0@google.ca,590fxa8aM,Alyss
686,scopperj1@hhs.gov,Pu3OIrsGKxq,Steward
687,djenkenj2@netvibes.com,HyWDcS6Hs,Dinny
688,bclementetj3@chronoengine.com,WK1LzbCsn,Barbaraanne
689,dcornejoj4@tinyurl.com,C6bA7Hgk,Derek
690,tdawidmanj5@github.com,6A6ep8e,Trude
691,hchaplinj6@bizjournals.com,qcxRd5fWFcO,Hana
692,osibbsj7@time.com,0PlsAl3nqr5,Obidiah
693,tbridgewaterj8@google.com,Ef87ipdLVUI,Tait
694,ngonzalvoj9@va.gov,rcaRlXmneM,Noelani
695,ldownseja@cargocollective.com,JIur8hcobCCU,Legra
696,jmichelljb@ovh.net,tuLqL9UVK,Juline
697,spaynjc@un.org,NTU3nc78,Sal
698,ateaseyjd@soup.io,0xwasmiK,Adina
699,gduckersje@t.co,tm5hFyGP4fK,Gusta
700,bbygravejf@merriam-webster.com,2cSlMBu,Brendis
701,msowleyjg@digg.com,L8EjotPaf5Ii,Marta
702,lkemberjh@wsj.com,l2g6pUzbf,Leeland
703,cpeddersenji@addthis.com,RxPqQkQ48,Chaddie
704,vtuckleyjj@toplist.cz,b5Bwt4ruHD,Virgina
705,bomandjk@comcast.net,HKoMpM8H,Bryn
706,bvivienjl@hatena.ne.jp,z1pKYR,Bradford
707,cboldtjm@disqus.com,J4GL6Uq,Crysta
708,gpidcockjn@parallels.com,7aC58FiSQP5,Grange
709,ahuggenjo@oakley.com,8DXQkpHgy3,Alexis
710,ochaldecottjp@bloglines.com,8wnxRXrCLBN,Odele
711,glannenjq@webs.com,ggOACLJp1,Godfree
712,kdenziloejr@businessweek.com,GNekkR,Kym
713,rblaaschjs@ebay.co.uk,J1Waw4Q,Renaldo
714,vpaolinijt@businessweek.com,AndirHwnM5,Vance
715,cbailesju@vinaora.com,TvPwqi6u2,Calhoun
716,bclowtonjv@pbs.org,hJRwjFV,Berk
717,asneezumjw@pagesperso-orange.fr,1KRyha5Vw,Ashley
718,galejandrojx@engadget.com,zmNOW9Ipg,George
719,egaylerjy@huffingtonpost.com,0ZaZ4S,Early
720,icodijz@ovh.net,qBVxism0UMZ,Iago
721,bgaultk0@home.pl,a7ZOypaZ,Bat
722,mleybornek1@networkadvertising.org,gusWT0VR,My
723,rjoyntk2@google.com.br,U1zFvnVd,Roy
724,mmckimmk3@taobao.com,DdhTeFMUTQoK,Moritz
725,aolyfantk4@freewebs.com,LUxEJF,Alla
726,ydowneyk5@go.com,SO7Fp1Oo4Q,Yale
727,gwinsburyk6@webnode.com,QZF6KgRP8fg,George
728,bbarwoodk7@skype.com,BtzpfFm,Brittan
729,sdowleyk8@sourceforge.net,LQjOLSglZcma,Sherwood
730,haucourtek9@bandcamp.com,4GvP15tl,Honoria
731,mzoppieka@utexas.edu,1rPYT0r,Mervin
732,danscottkb@berkeley.edu,D9GqmI5syXuW,Dori
733,dzannotellikc@yolasite.com,d6ywJoGBFpv,Dorella
734,wdudingkd@pinterest.com,dUGA1Ibe59N,Walker
735,cbalfke@accuweather.com,JrOlYe,Connor
736,mderellkf@prweb.com,PEM6t6jmavM6,Marijo
737,kkortingkg@freewebs.com,35HPINaSJIX7,Katleen
738,smahoneykh@theguardian.com,TnsKNngK03ss,Shelby
739,kcokeki@creativecommons.org,xbHwsLdSF,Kelvin
740,eslogrovekj@tiny.cc,EOpIRrZuI4NZ,Erastus
741,tedbrookekk@businesswire.com,RWqwqrObJXI9,Torry
742,mhuytonkl@mozilla.com,KJwS6BPB,Marion
743,tweavillkm@printfriendly.com,cE4oQ5RRy,Tanney
744,gelgykn@jugem.jp,1uO5Vv,Gardiner
745,vhaltko@exblog.jp,8htdoIRS,Virge
746,tsomerfieldkp@who.int,oKUv6nEQjm,Torrin
747,gtuckiekq@sbwire.com,ehSuOlmNIf,Ginnie
748,ostanfieldkr@google.com.br,jNJnIb,Orelia
749,mpikettks@hugedomains.com,66aAzL1t2,Manuel
750,dforrestillkt@surveymonkey.com,CAhkc1YXX,Davidde
751,loakmanku@xinhuanet.com,GEDVw7WpWgz7,Leland
752,jtrehearnkv@free.fr,Ex68RYATWeN,Juana
753,cdumphreyskw@cam.ac.uk,58cFbkjF1m6,Carmelle
754,greankx@ca.gov,HjxXf5dV,Geoffrey
755,cbruntjeky@163.com,fWeXlqQ,Cammie
756,abavesterkz@ed.gov,VjHpQ9nu,Annabel
757,rmoncreiffel0@histats.com,RrukaL0k,Rafa
758,mclemol1@nba.com,ejGU3x67UD,Mellisa
759,torteauxl2@ucsd.edu,EAOOaNACHip,Talia
760,flomasneyl3@technorati.com,Hl1GsDLLd,Fredra
761,awifflerl4@eventbrite.com,Gh447ENhO,Aigneis
762,sfoulkesl5@merriam-webster.com,6ylSkDqRwo,Saudra
763,gcaudelll6@livejournal.com,YrxOIpYL,Gannie
764,lpillingl7@psu.edu,JETAAPzI,Lonnard
765,cmarrowl8@blogtalkradio.com,79w1A3BzN3,Claudina
766,manteckil9@51.la,FAOB2mnNyk,Mei
767,bclancyla@topsy.com,3UjJf2KXWr,Betta
768,opeermanlb@virginia.edu,zUUmHsLQ5s,Onfre
769,lerrettlc@omniture.com,h8hjp3sinEi,Lou
770,vledwichld@mtv.com,jSB49hPP70t,Vladamir
771,eshirdle@so-net.ne.jp,CF7RjeItg7YQ,Eulalie
772,ahuncootlf@slate.com,POHyXxXu,Alvie
773,rjenklg@wix.com,dmesrF,Riordan
774,lupstelllh@umich.edu,1ICPDem9s4t,Lizbeth
775,swetherburnli@cyberchimps.com,a7OD8TlYc2,Steward
776,lmougenellj@uol.com.br,3Z6yvy,Leontyne
777,santonoczyklk@berkeley.edu,9CdrxvT,Silvana
778,afitzsimmonsll@mapy.cz,BaE2GOu94B,Adaline
779,jcallarlm@moonfruit.com,MO9ozd3S,Jody
780,acaughanln@mozilla.org,WUcZq8tXkQb,Allix
781,tmadrelllo@123-reg.co.uk,EDpxzdtV9zM,Tatiania
782,wsnadenlp@dailymail.co.uk,DlIQiTE7Og,Wanda
783,cstruanlq@scientificamerican.com,60NtaHDTE,Cathee
784,cgrovierlr@stanford.edu,3gjWyhE0HZpe,Cristen
785,bprentyls@dmoz.org,GkwUdXV,Barbara
786,salgielt@redcross.org,9y8dthy1Uo,Sinclair
787,ndinzeylu@jalbum.net,rzt2uWQ,Norene
788,cboichlv@hc360.com,MvOrlzSa,Carly
789,aparslowlw@macromedia.com,f3hPuzR85,Armin
790,dlorenslx@blinklist.com,lt8m3hAy,Dilan
791,gfenichly@123-reg.co.uk,0z8oWwj,Galen
792,tfurtadolz@craigslist.org,78d7YiZleY5Y,Teressa
793,lboramm0@typepad.com,G5pi6foFSp,Lutero
794,bendersm1@gizmodo.com,krsBeaOYUYu,Bill
795,abendelowm2@symantec.com,aS6tIqM,Anet
796,zruskm3@bing.com,nc8moyrweGq,Zarla
797,rborrowsm4@bandcamp.com,3BPTApFay0v,Rab
798,didam5@1und1.de,1ehHES3HLqr,Damara
799,lshortanm6@imdb.com,Jpio9dKFP,Lavena
800,rpickerillm7@histats.com,qnef8xQ,Ricky
801,apogosianm8@cnn.com,5vxU0h,Alene
802,bblivenm9@domainmarket.com,tVZF5Gy,Bruno
803,mughettima@clickbank.net,tMaEBB0,Meredithe
804,pwalheddmb@gizmodo.com,aZ2wKbnwtq,Pietro
805,cpeagrammc@nature.com,3sqBhIqpxBO,Chandler
806,hfennickmd@oracle.com,l48YrgBDn1K,Humphrey
807,ctaffurellime@squidoo.com,JleCKG,Codie
808,dfieldstonemf@comsenz.com,fpVXmk,Dorree
809,rblackneymg@blogspot.com,PJyREOAGV,Raf
810,sheiblmh@engadget.com,0bwuYo,Salli
811,tjorgesenmi@spiegel.de,DXOssAhzaJc,Tonia
812,iyushkinmj@illinois.edu,L0fgvl,Ignatius
813,gbrounckermk@chicagotribune.com,pJnq4y7kr,Gram
814,llanphereml@nyu.edu,7PdIX2d,Letty
815,tpuntermm@1688.com,8A4kY8Thg0,Tadio
816,iquinnellymn@cbsnews.com,rFqWjVmca,Ivan
817,cgilsonmo@quantcast.com,OTMGAK83,Charita
818,kelsegoodmp@mysql.com,WqQyVq7,Kerrie
819,adoylemq@jimdo.com,T066JDWcOFIz,Alphard
820,bstockallmr@wired.com,2z1DXh6b,Breanne
821,tfeildms@biblegateway.com,ts3G0yM,Trenton
822,ljimemt@mozilla.com,ProfbKTd8,Leta
823,gbriatmu@networksolutions.com,BoCHDP1Qb,Gib
824,rhugillmv@noaa.gov,hd94XNo1i6Ru,Robb
825,apenellimw@123-reg.co.uk,4Cw9R2eC7k6,Aileen
826,asaltmarshmx@wiley.com,gXZbLCP,Ava
827,twinslademy@independent.co.uk,hdg8jiO45,Tiff
828,tizonmz@vinaora.com,K5fZIqN,Thornie
829,atchaikovskyn0@nyu.edu,OI5rZuQ3,Adah
830,jaugurn1@amazon.com,WdYWSBn,Jamill
831,cpeattien2@independent.co.uk,NtLOdAmoiv2D,Carmella
832,ryarrown3@purevolume.com,jqhIqwJ1qhL,Robby
833,rchadwenn4@cdbaby.com,aeXf3KkW8,Ree
834,jcappn5@omniture.com,5EbboRQ9,Jordan
835,vallann6@china.com.cn,wDTds5,Vladimir
836,jkleeweinn7@gizmodo.com,kxNaVCB,Joline
837,whablotn8@usatoday.com,WXnBIAo,Windham
838,rchatann9@ifeng.com,sLmTop,Roshelle
839,dpeerlessna@wufoo.com,MRarzBokKM,Delmor
840,yharropnb@rambler.ru,Nepx06gpPOA9,Ynes
841,gpavkovicnc@census.gov,3476TqZXUiiC,Glenine
842,lvonhagtnd@imageshack.us,nAKjzw,Lisetta
843,tarborne@networksolutions.com,BHnRFVUyK,Tom
844,bzanuttinf@wisc.edu,aHzO8A,Brok
845,dphippsng@shareasale.com,kkb6h4b,Dreddy
846,mstolworthynh@themeforest.net,2KLY1ir4Ht,Micaela
847,wsootni@mashable.com,q0BtmrV,Welby
848,abeachampnj@cnbc.com,oOwOUwT9k,Adrianna
849,amccarrollnk@mapy.cz,WGBTpjJ,Abel
850,bbullnl@wiley.com,S74suMw9C,Berkly
851,dsquibbesnm@weibo.com,mSEwSYE1zQ,Deirdre
852,jgurdonnn@ucsd.edu,mnK2T0Ss,Jarred
853,mdunbobinno@house.gov,pqt6ol935BO,Marthena
854,bmathysnp@loc.gov,qmmdFq0ytW,Bibbie
855,gfiggnq@lycos.com,j1z9S1H5H,Gardner
856,gjupenr@smugmug.com,VYhk5F2YitG,Giselbert
857,sruusans@mac.com,stZ8rCz1rE8K,Star
858,lrevillnt@paypal.com,IFK69xoi,Libbey
859,ibassfordnu@1688.com,Y5RBwJ0WUEl,Ignatius
860,sfordycenv@disqus.com,DZ5ds08xSKT,Sayre
861,hmcadamnw@facebook.com,vWQB5fvtSV,Hildagarde
862,lmacallisternx@behance.net,uc5aBk9k6h,Leon
863,kfreethny@oakley.com,nk0huFrI4o,Kaela
864,cbroskenz@yale.edu,eRYLyYY,Clo
865,pbarro0@vimeo.com,kkaEdqH6G5K,Perl
866,ndeeryo1@answers.com,uE98eWHyDdi,Niles
867,eduryo2@google.fr,NSGxvRYcBsI,Ethelind
868,tnassieo3@berkeley.edu,9W3GeR,Toby
869,ppenticooto4@addthis.com,t6hRdtkLOq,Patrizius
870,mkindreado5@wsj.com,0nbICnjRgp,Mattie
871,byeardsleyo6@rediff.com,aryP38cRQE,Bertrando
872,chealeyo7@netlog.com,JOYR8VBhfN,Cristina
873,dcresero8@drupal.org,KtF3VeVYq,Davis
874,aroeo9@dyndns.org,d3zVxU,Axel
875,lsimonotoa@list-manage.com,jvyoysUC9,Lorenzo
876,cbeadellob@google.ca,m4czDb9,Camille
877,jannelloc@webnode.com,0P5POK,Jojo
878,farensonod@webnode.com,OwH7nrX,Forster
879,apevieoe@drupal.org,57rVnOJ,Andres
880,nevendenof@usda.gov,DGp1rT,Norby
881,ktrueloveog@yale.edu,GjvMUdtBw78,Kristal
882,mgilliardoh@seesaa.net,YEThW8Ee,Merell
883,gmcjuryoi@ycombinator.com,6sBOjRaM,Giulio
884,kgoodbyoj@stumbleupon.com,jouCY49,Kirby
885,aohannenok@rediff.com,2Hsf5fSZG,Allison
886,gwattinhamol@businesswire.com,CboGb5ZMLOwS,Garrard
887,alymbourneom@com.com,rvJqJ8Ob8,Ambrosi
888,aeneveron@washingtonpost.com,HtIWI2yNcJ,Angy
889,msalzbergeroo@discuz.net,CBoCKD5XZJLN,Mathilda
890,tjoyntop@elpais.com,0i6XJpQt,Tabbatha
891,redgecumbeoq@wp.com,ujSENJp0p5j4,Rog
892,fchrispinor@fotki.com,2IUKEiNP1N,Freeland
893,hdoyleyos@kickstarter.com,pq0kh6,Hali
894,lkingswoodeot@chron.com,UsKNlgU9o,Llywellyn
895,bbernou@china.com.cn,FyNzXkNZS,Bridie
896,melletonov@tinypic.com,ObvVAVvxf,Meade
897,skmieciakow@infoseek.co.jp,wi4VYEieMPvj,Sapphira
898,dkearnox@amazonaws.com,cgsRIbce,Dorelle
899,mludfordoy@intel.com,C9kIxILdXz,Maiga
900,lwinnoz@geocities.jp,gVr2GjJh,Laverna
901,hjeckellsp0@soundcloud.com,hp1dyeEOi,Hewett
902,dchapep1@icq.com,QV0Lvm,Dur
903,wburneyp2@accuweather.com,o4GC7mpzi,Wilton
904,kdallaghanp3@slate.com,94QVzb3S,Kelbee
905,cbickerstaffp4@hao123.com,UNzs9qZ,Cleveland
906,jwellbelovedp5@ft.com,D4OqCDf,Jacob
907,gnizardp6@sun.com,32FEkPhh,Gilemette
908,iellwoodp7@unesco.org,ZXyxeA,Ileane
909,pszymonp8@ft.com,SXgxEm,Papageno
910,pmaffezzolip9@livejournal.com,4mdQ3ERK,Paxon
911,sstivepa@opensource.org,24kJMia,Shirline
912,gmenegopb@sitemeter.com,tm0gFB,Gideon
913,drodenburgpc@microsoft.com,g76rNIY0,Delmore
914,bfidelepd@homestead.com,ftdpxj2w,Blondell
915,gkirimaape@creativecommons.org,wU1NE65v,Giovanna
916,kisworthpf@youku.com,GAaB31JPyG4,Kim
917,mcadmanpg@whitehouse.gov,nXdrcQf9,Mickey
918,ayokleyph@twitter.com,YSucfzXL3ej,Anatol
919,fkittleypi@storify.com,fyZoz5ix6gi0,Florance
920,lkabschpj@admin.ch,zaj0iIdHTu,Lorine
921,ynuzzipk@google.co.jp,4gP5qS6xaC,Yuma
922,gcristofolpl@stanford.edu,yzvNuFl,Gav
923,hpratleypm@netscape.com,1vYYRMkfUMuF,Hill
924,bputtonpn@senate.gov,yUBMcI4,Bertina
925,aclairpo@cloudflare.com,no6kjXFxxI,Ashlin
926,bmullettpp@npr.org,fDLfwhBFL,Bellanca
927,cfoulkespq@miibeian.gov.cn,YvqZhD0vK3G,Collette
928,mgreenroapr@artisteer.com,Wy77CxFDOS,Mart
929,astuckeps@cam.ac.uk,MZCtMIP,Annabelle
930,ashawlpt@samsung.com,55rA5yts,Arch
931,ldrakefordpu@nationalgeographic.com,njje2K,Lynda
932,opoytrespv@gizmodo.com,uf747G,Ondrea
933,dbonevantpw@businessinsider.com,rc8e4s,Danya
934,bmattiellopx@columbia.edu,yUeJAE,Barrie
935,pcousenpy@homestead.com,yGQsbPUsbj0Z,Palm
936,lcrapperpz@blogger.com,mM4UOPj,Leisha
937,zdalwisq0@shop-pro.jp,lYYl9JMbXJzl,Zita
938,larneq1@berkeley.edu,06F3tEIsDZEW,Laurel
939,cbaitmanq2@tripod.com,OIpBdn,Carrissa
940,fdawneyq3@cnn.com,eYKXdY9pzbd1,Fee
941,kschultzq4@jugem.jp,zdAR83BWITv,Kizzee
942,eringq5@merriam-webster.com,g650ALOv8AL6,Elia
943,egirkeq6@discovery.com,hEwAFLhE0Gw,Ewen
944,mgronouq7@yahoo.com,jed9E9FGGx,Mischa
945,pshieldsq8@naver.com,tFs9e7VZbZX6,Philis
946,mclemenconq9@zdnet.com,RrclMkQxLK6,Margery
947,ihanbidgeqa@webmd.com,kgDDkgq,Idalia
948,kpottieqb@people.com.cn,NeBk4HCWWB,Kev
949,elanfereqc@youtu.be,rmtLM2h,Erich
950,ccaselyqd@newsvine.com,q625FZXD4N2,Carmelle
951,cfaraganqe@omniture.com,hNU5HPP3z,Correna
952,lkeyteqf@oracle.com,3IF98KAttd3k,Lira
953,hsykoraqg@unblog.fr,n55cEU2X,Heath
954,fosbaldstoneqh@lulu.com,rGUImgXXrl,Farica
955,osalvadorqi@so-net.ne.jp,huRhOT,Olivie
956,pquakleyqj@google.com.br,qw8GQuH7Q7Hw,Patrick
957,mlittrikqk@opera.com,v2K8hnLx,Melamie
958,ccastangiaql@constantcontact.com,9uZmjWJHLL5T,Clarette
959,aentwhistleqm@japanpost.jp,7RaaynCk,Alexandro
960,rbyrdqn@hc360.com,zcM46kCWWy,Rosella
961,mgullaneqo@themeforest.net,662QAuJBJ,Mahmoud
962,sdorrellqp@yelp.com,ACNm59c1lA,Smith
963,csimperqq@123-reg.co.uk,bLIUDMm5C,Claudius
964,rdederichqr@fc2.com,81O4oKkPqIC,Randie
965,jfarrellqs@com.com,sGAKE26,Johnna
966,rcullonqt@bbc.co.uk,GAZwydQNA,Raphaela
967,clinkinqu@free.fr,qWm1R9jHJ,Christina
968,cmcamishqv@sun.com,iBdabNkbi,Corrinne
969,bcardenasqw@imgur.com,Ua9UTW0ROwnS,Barret
970,mebbettsqx@sourceforge.net,XbOKKGL,Mannie
971,wstormqy@meetup.com,7nd7g46,Winny
972,jbinhamqz@devhub.com,yoSlasn,Joy
973,bpapaminasr0@rakuten.co.jp,bbZrpux1QR5c,Bax
974,jambrogettir1@sohu.com,Mg8pmStUu5,Jodee
975,aspacyr2@1und1.de,nypRie1ziHV,Alaric
976,alethieulierr3@multiply.com,G2gOQ74lKuAP,Alanna
977,mridger4@nationalgeographic.com,uMWBRc,Margo
978,swhittallr5@cisco.com,W2ij4Kikc,Stefano
979,tshelbourner6@parallels.com,3NSFDWkie3Ib,Twyla
980,jpanterr7@blogs.com,DgdnGmM,Jodie
981,ymorradr8@ifeng.com,MrdX6wyOZ1C7,Yul
982,jrusselr9@printfriendly.com,cMWTqxj,Jaimie
983,ohorriganra@instagram.com,GRxGLJwBIV,Orin
984,trunnallsrb@fda.gov,kd92Fc4BtS6,Tansy
985,ujerransrc@lulu.com,TZFw0tQT6o,Urbano
986,jpallasrd@ucoz.com,ElWrT0N6lo,Judy
987,awoltmanre@yolasite.com,kJb8Hk5Dsg,Alonso
988,lbartomeurf@businesswire.com,cMObkYX4,Leroi
989,tsestonrg@usatoday.com,lBZtRky3,Thedric
990,abarhamrh@gnu.org,hcuuaJOt,Allin
991,vdawri@virginia.edu,1Ghq5Q9bTW,Valentina
992,ahonnanrj@ucoz.com,LTW2rOBUGrB,Alphard
993,dmaffeirk@blogspot.com,GE1f80WlE,Dionisio
994,mprowtingrl@bloomberg.com,EyOanK33m3RM,Mariette
995,qdarwoodrm@europa.eu,eq06rJDpUX3T,Querida
996,kthorntondewhirstrn@mashable.com,CgH6Jx,Kissie
997,mhamberstonero@umich.edu,cUfyJfB,Minnaminnie
998,aonraetrp@com.com,Tf7QEwH3qQQ4,Abigael
999,mpritchittrq@huffingtonpost.com,RYWuB6oO,Marsh
1000,zshaplinrr@hp.com,La33NDmC7w,Zebulon
